status,origin,origin_code,destination,destination_code,mode,traffic,distance,duration,duration_in_traffic,departure_time
OK,Chamartín,28079-05,Ajalvir,28002,transit,NA,25397,3507,3507,1530000000
ZERO_RESULTS,Chamartín,28079-05,El Alamo,28004,transit,NA,NA,NA,NA,1530000000
OK,Chamartín,28079-05,Alcalá de Henares,28005,transit,NA,39990,4111,4111,1530000000
OK,Chamartín,28079-05,Alcobendas,28006,transit,NA,10059,1303,1303,1530000000
OK,Chamartín,28079-05,Alcorcón,28007,transit,NA,19843,3258,3258,1530000000
OK,Chamartín,28079-05,Algete,28009,transit,NA,33189,4887,4887,1530000000
OK,Chamartín,28079-05,Alpedrete,28010,transit,NA,45742,3998,3998,1530000000
ZERO_RESULTS,Chamartín,28079-05,Anchuelo,28012,transit,NA,NA,NA,NA,1530000000
OK,Chamartín,28079-05,Aranjuez,28013,transit,NA,55385,4309,4309,1530000000
OK,Chamartín,28079-05,Arganda del Rey,28014,transit,NA,34664,5250,5250,1530000000
ZERO_RESULTS,Chamartín,28079-05,Arroyomolinos,28015,transit,NA,NA,NA,NA,1530000000
OK,Chamartín,28079-05,El Atazar,28016,transit,NA,67768,7843,7843,1530000000
ZERO_RESULTS,Chamartín,28079-05,Becerril de la Sierra,28018,transit,NA,NA,NA,NA,1530000000
OK,Chamartín,28079-05,Boadilla del Monte,28022,transit,NA,27184,5558,5558,1530000000
ZERO_RESULTS,Chamartín,28079-05,El Boalo,28023,transit,NA,NA,NA,NA,1530000000
OK,Chamartín,28079-05,Braojos,28024,transit,NA,80466,11743,11743,1530000000
ZERO_RESULTS,Chamartín,28079-05,Brea de Tajo,28025,transit,NA,NA,NA,NA,1530000000
OK,Chamartín,28079-05,Brunete,28026,transit,NA,34337,4395,4395,1530000000
OK,Chamartín,28079-05,Buitrago del Lozoya,28027,transit,NA,65504,7182,7182,1530000000
ZERO_RESULTS,Chamartín,28079-05,Bustarviejo,28028,transit,NA,NA,NA,NA,1530000000
OK,Chamartín,28079-05,La Cabrera,28030,transit,NA,50614,5853,5853,1530000000
ZERO_RESULTS,Chamartín,28079-05,Cadalso de los Vidrios,28031,transit,NA,NA,NA,NA,1530000000
OK,Chamartín,28079-05,Camarma de Esteruelas,28032,transit,NA,38925,5322,5322,1530000000
ZERO_RESULTS,Chamartín,28079-05,Campo Real,28033,transit,NA,NA,NA,NA,1530000000
ZERO_RESULTS,Chamartín,28079-05,Carabaña,28035,transit,NA,NA,NA,NA,1530000000
ZERO_RESULTS,Chamartín,28079-05,Cenicientos,28037,transit,NA,NA,NA,NA,1530000000
OK,Chamartín,28079-05,Cercedilla,28038,transit,NA,60842,5018,5018,1530000000
OK,Chamartín,28079-05,Ciempozuelos,28040,transit,NA,40654,3649,3649,1530000000
OK,Chamartín,28079-05,Cobeña,28041,transit,NA,29782,4527,4527,1530000000
OK,Chamartín,28079-05,Colmenar del Arroyo,28042,transit,NA,56986,6083,6083,1530000000
ZERO_RESULTS,Chamartín,28079-05,Colmenarejo,28044,transit,NA,NA,NA,NA,1530000000
OK,Chamartín,28079-05,Colmenar Viejo,28045,transit,NA,28159,4137,4137,1530000000
OK,Chamartín,28079-05,Collado Mediano,28046,transit,NA,51748,4358,4358,1530000000
OK,Chamartín,28079-05,Collado Villalba,28047,transit,NA,41099,3628,3628,1530000000
ZERO_RESULTS,Chamartín,28079-05,Corpa,28048,transit,NA,NA,NA,NA,1530000000
OK,Chamartín,28079-05,Coslada,28049,transit,NA,21598,2851,2851,1530000000
ZERO_RESULTS,Chamartín,28079-05,Cubas de la Sagra,28050,transit,NA,NA,NA,NA,1530000000
OK,Chamartín,28079-05,Chapinería,28051,transit,NA,51720,4926,4926,1530000000
ZERO_RESULTS,Chamartín,28079-05,Chinchón,28052,transit,NA,NA,NA,NA,1530000000
OK,Chamartín,28079-05,Daganzo de Arriba,28053,transit,NA,27221,3867,3867,1530000000
ZERO_RESULTS,Chamartín,28079-05,El Escorial,28054,transit,NA,NA,NA,NA,1530000000
ZERO_RESULTS,Chamartín,28079-05,Estremera,28055,transit,NA,NA,NA,NA,1530000000
OK,Chamartín,28079-05,Fuenlabrada,28058,transit,NA,27521,3631,3631,1530000000
OK,Chamartín,28079-05,Fuente el Saz de Jarama,28059,transit,NA,26557,3043,3043,1530000000
ZERO_RESULTS,Chamartín,28079-05,Fuentidueña de Tajo,28060,transit,NA,NA,NA,NA,1530000000
OK,Chamartín,28079-05,Galapagar,28061,transit,NA,36455,4285,4285,1530000000
OK,Chamartín,28079-05,Garganta de los Montes,28062,transit,NA,72183,7603,7603,1530000000
OK,Chamartín,28079-05,Gascones,28064,transit,NA,76792,11443,11443,1530000000
OK,Chamartín,28079-05,Getafe,28065,transit,NA,21572,2629,2629,1530000000
ZERO_RESULTS,Chamartín,28079-05,Griñón,28066,transit,NA,NA,NA,NA,1530000000
OK,Chamartín,28079-05,Guadalix de la Sierra,28067,transit,NA,49748,6943,6943,1530000000
OK,Chamartín,28079-05,Guadarrama,28068,transit,NA,54881,5674,5674,1530000000
ZERO_RESULTS,Chamartín,28079-05,Hoyo de Manzanares,28072,transit,NA,NA,NA,NA,1530000000
OK,Chamartín,28079-05,Humanes de Madrid,28073,transit,NA,31468,3811,3811,1530000000
OK,Chamartín,28079-05,Leganés,28074,transit,NA,23547,3783,3783,1530000000
ZERO_RESULTS,Chamartín,28079-05,Loeches,28075,transit,NA,NA,NA,NA,1530000000
OK,Chamartín,28079-05,Madarcos,28078,transit,NA,73362,11683,11683,1530000000
OK,Chamartín,28079-05,Madrid,28079,transit,NA,1555,822,822,1530000000
OK,Chamartín,28079-05,Centro,28079-01,transit,NA,7763,2206,2206,1530000000
OK,Chamartín,28079-05,Arganzuela,28079-02,transit,NA,9592,2118,2118,1530000000
OK,Chamartín,28079-05,Retiro,28079-03,transit,NA,8464,2539,2539,1530000000
OK,Chamartín,28079-05,Salamanca,28079-04,transit,NA,4484,1918,1918,1530000000
OK,Chamartín,28079-05,Chamartín,28079-05,transit,NA,0,0,0,1530000000
OK,Chamartín,28079-05,Tetuán,28079-06,transit,NA,1307,995,995,1530000000
OK,Chamartín,28079-05,Chamberí,28079-07,transit,NA,5427,2024,2024,1530000000
ZERO_RESULTS,Chamartín,28079-05,Fuencarral-El Pardo,28079-08,transit,NA,NA,NA,NA,1530000000
OK,Chamartín,28079-05,Moncloa-Aravaca,28079-09,transit,NA,13765,4836,4836,1530000000
OK,Chamartín,28079-05,Latina,28079-10,transit,NA,9844,2428,2428,1530000000
OK,Chamartín,28079-05,Carabanchel,28079-11,transit,NA,15358,3672,3672,1530000000
OK,Chamartín,28079-05,Usera,28079-12,transit,NA,12379,3189,3189,1530000000
OK,Chamartín,28079-05,Puente de Vallecas,28079-13,transit,NA,11016,2571,2571,1530000000
OK,Chamartín,28079-05,Moratalaz,28079-14,transit,NA,10432,2675,2675,1530000000
OK,Chamartín,28079-05,Ciudad Lineal,28079-15,transit,NA,4840,2437,2437,1530000000
OK,Chamartín,28079-05,Hortaleza,28079-16,transit,NA,6972,1975,1975,1530000000
OK,Chamartín,28079-05,Villaverde,28079-17,transit,NA,18047,2802,2802,1530000000
OK,Chamartín,28079-05,Villa de Vallecas,28079-18,transit,NA,17720,4033,4033,1530000000
OK,Chamartín,28079-05,Vicálvaro,28079-19,transit,NA,19353,3849,3849,1530000000
OK,Chamartín,28079-05,San Blas - Canillejas,28079-20,transit,NA,9525,2645,2645,1530000000
OK,Chamartín,28079-05,Barajas,28079-21,transit,NA,17063,3855,3855,1530000000
OK,Chamartín,28079-05,Majadahonda,28080,transit,NA,31635,5314,5314,1530000000
ZERO_RESULTS,Chamartín,28079-05,Manzanares El Real,28082,transit,NA,NA,NA,NA,1530000000
OK,Chamartín,28079-05,Meco,28083,transit,NA,39687,3905,3905,1530000000
ZERO_RESULTS,Chamartín,28079-05,Mejorada del Campo,28084,transit,NA,NA,NA,NA,1530000000
ZERO_RESULTS,Chamartín,28079-05,Miraflores de la Sierra,28085,transit,NA,NA,NA,NA,1530000000
OK,Chamartín,28079-05,El Molar,28086,transit,NA,34896,3943,3943,1530000000
OK,Chamartín,28079-05,Los Molinos,28087,transit,NA,55389,4598,4598,1530000000
ZERO_RESULTS,Chamartín,28079-05,Moraleja de Enmedio,28089,transit,NA,NA,NA,NA,1530000000
ZERO_RESULTS,Chamartín,28079-05,Moralzarzal,28090,transit,NA,NA,NA,NA,1530000000
ZERO_RESULTS,Chamartín,28079-05,Morata de Tajuña,28091,transit,NA,NA,NA,NA,1530000000
OK,Chamartín,28079-05,Móstoles,28092,transit,NA,29797,4631,4631,1530000000
ZERO_RESULTS,Chamartín,28079-05,Navacerrada,28093,transit,NA,NA,NA,NA,1530000000
OK,Chamartín,28079-05,Navalcarnero,28096,transit,NA,38707,5560,5560,1530000000
ZERO_RESULTS,Chamartín,28079-05,Nuevo Baztán,28100,transit,NA,NA,NA,NA,1530000000
OK,Chamartín,28079-05,Paracuellos de Jarama,28104,transit,NA,20166,3087,3087,1530000000
OK,Chamartín,28079-05,Parla,28106,transit,NA,32696,3714,3714,1530000000
OK,Chamartín,28079-05,Patones,28107,transit,NA,56824,6666,6666,1530000000
ZERO_RESULTS,Chamartín,28079-05,Perales de Tajuña,28110,transit,NA,NA,NA,NA,1530000000
ZERO_RESULTS,Chamartín,28079-05,Pezuela de las Torres,28111,transit,NA,NA,NA,NA,1530000000
OK,Chamartín,28079-05,Pinto,28113,transit,NA,27844,3049,3049,1530000000
OK,Chamartín,28079-05,Piñuecar-Gandullas,28114,transit,NA,69448,9883,9883,1530000000
OK,Chamartín,28079-05,Pozuelo de Alarcón,28115,transit,NA,14525,2103,2103,1530000000
ZERO_RESULTS,Chamartín,28079-05,Pozuelo del Rey,28116,transit,NA,NA,NA,NA,1530000000
ZERO_RESULTS,Chamartín,28079-05,Quijorna,28119,transit,NA,NA,NA,NA,1530000000
ZERO_RESULTS,Chamartín,28079-05,Rascafría,28120,transit,NA,NA,NA,NA,1530000000
OK,Chamartín,28079-05,Redueña,28121,transit,NA,45716,6883,6883,1530000000
OK,Chamartín,28079-05,Ribatejada,28122,transit,NA,42953,5607,5607,1530000000
OK,Chamartín,28079-05,Rivas-Vaciamadrid,28123,transit,NA,25947,4332,4332,1530000000
OK,Chamartín,28079-05,Robledillo de la Jara,28124,transit,NA,82842,11263,11263,1530000000
OK,Chamartín,28079-05,Robledo de Chavela,28125,transit,NA,55636,5434,5434,1530000000
OK,Chamartín,28079-05,Las Rozas de Madrid,28127,transit,NA,21322,2794,2794,1530000000
ZERO_RESULTS,Chamartín,28079-05,Rozas de Puerto Real,28128,transit,NA,NA,NA,NA,1530000000
OK,Chamartín,28079-05,San Agustín del Guadalix,28129,transit,NA,27607,3283,3283,1530000000
OK,Chamartín,28079-05,San Fernando de Henares,28130,transit,NA,26819,4831,4831,1530000000
OK,Chamartín,28079-05,San Lorenzo de El Escorial,28131,transit,NA,55029,5014,5014,1530000000
ZERO_RESULTS,Chamartín,28079-05,San Martín de la Vega,28132,transit,NA,NA,NA,NA,1530000000
OK,Chamartín,28079-05,San Martín de Valdeiglesias,28133,transit,NA,69668,7506,7506,1530000000
OK,Chamartín,28079-05,San Sebastián de los Reyes,28134,transit,NA,15716,3423,3423,1530000000
ZERO_RESULTS,Chamartín,28079-05,Serranillos del Valle,28140,transit,NA,NA,NA,NA,1530000000
ZERO_RESULTS,Chamartín,28079-05,Sevilla la Nueva,28141,transit,NA,NA,NA,NA,1530000000
ZERO_RESULTS,Chamartín,28079-05,Soto del Real,28144,transit,NA,NA,NA,NA,1530000000
OK,Chamartín,28079-05,Talamanca de Jarama,28145,transit,NA,38797,4483,4483,1530000000
ZERO_RESULTS,Chamartín,28079-05,Tielmes,28146,transit,NA,NA,NA,NA,1530000000
OK,Chamartín,28079-05,Torrejón de Ardoz,28148,transit,NA,29628,3331,3331,1530000000
OK,Chamartín,28079-05,Torrejón de la Calzada,28149,transit,NA,34421,4715,4715,1530000000
OK,Chamartín,28079-05,Torrelaguna,28151,transit,NA,48736,5143,5143,1530000000
OK,Chamartín,28079-05,Torrelodones,28152,transit,NA,69097,7355,7355,1530000000
OK,Chamartín,28079-05,Torremocha de Jarama,28153,transit,NA,54141,6343,6343,1530000000
OK,Chamartín,28079-05,Torres de la Alameda,28154,transit,NA,43477,5562,5562,1530000000
OK,Chamartín,28079-05,Valdeavero,28156,transit,NA,55382,7047,7047,1530000000
ZERO_RESULTS,Chamartín,28079-05,Valdelaguna,28157,transit,NA,NA,NA,NA,1530000000
OK,Chamartín,28079-05,Valdemorillo,28160,transit,NA,38189,4174,4174,1530000000
OK,Chamartín,28079-05,Valdemoro,28161,transit,NA,34148,3349,3349,1530000000
OK,Chamartín,28079-05,Valdeolmos-Alalpardo,28162,transit,NA,33876,4543,4543,1530000000
OK,Chamartín,28079-05,Valdepiélagos,28163,transit,NA,42805,6523,6523,1530000000
ZERO_RESULTS,Chamartín,28079-05,Valdilecha,28165,transit,NA,NA,NA,NA,1530000000
ZERO_RESULTS,Chamartín,28079-05,Velilla de San Antonio,28167,transit,NA,NA,NA,NA,1530000000
OK,Chamartín,28079-05,Venturada,28169,transit,NA,43028,4783,4783,1530000000
OK,Chamartín,28079-05,Villalbilla,28172,transit,NA,49716,6744,6744,1530000000
ZERO_RESULTS,Chamartín,28079-05,Villamanta,28174,transit,NA,NA,NA,NA,1530000000
OK,Chamartín,28079-05,Villanueva de la Cañada,28176,transit,NA,73460,7348,7348,1530000000
OK,Chamartín,28079-05,Villanueva del Pardillo,28177,transit,NA,30367,4528,4528,1530000000
ZERO_RESULTS,Chamartín,28079-05,Villar del Olmo,28179,transit,NA,NA,NA,NA,1530000000
ZERO_RESULTS,Chamartín,28079-05,Villarejo de Salvanés,28180,transit,NA,NA,NA,NA,1530000000
OK,Chamartín,28079-05,Villaviciosa de Odón,28181,transit,NA,25538,3236,3236,1530000000
OK,Chamartín,28079-05,Zarzalejo,28183,transit,NA,56839,6094,6094,1530000000
OK,Chamartín,28079-05,Lozoyuela-Navas-Sieteiglesias,28901,transit,NA,57369,6343,6343,1530000000
OK,Chamartín,28079-05,Puentes Viejas,28902,transit,NA,68824,7455,7455,1530000000
OK,Chamartín,28079-05,Tres Cantos,28903,transit,NA,18038,2248,2248,1530000000
OK,Chamartín,28079-05,Ajalvir,28002,walking,NA,31668,23630,23630,1530000000
OK,Chamartín,28079-05,El Alamo,28004,walking,NA,43951,32371,32371,1530000000
OK,Chamartín,28079-05,Alcalá de Henares,28005,walking,NA,36771,27238,27238,1530000000
OK,Chamartín,28079-05,Alcobendas,28006,walking,NA,12218,9014,9014,1530000000
OK,Chamartín,28079-05,Alcorcón,28007,walking,NA,21310,16150,16150,1530000000
OK,Chamartín,28079-05,Algete,28009,walking,NA,26147,19679,19679,1530000000
OK,Chamartín,28079-05,Alpedrete,28010,walking,NA,48220,36549,36549,1530000000
OK,Chamartín,28079-05,Anchuelo,28012,walking,NA,46682,34904,34904,1530000000
OK,Chamartín,28079-05,Aranjuez,28013,walking,NA,55833,40631,40631,1530000000
OK,Chamartín,28079-05,Arganda del Rey,28014,walking,NA,33015,24283,24283,1530000000
OK,Chamartín,28079-05,Arroyomolinos,28015,walking,NA,33382,24800,24800,1530000000
OK,Chamartín,28079-05,El Atazar,28016,walking,NA,71514,54872,54872,1530000000
OK,Chamartín,28079-05,Becerril de la Sierra,28018,walking,NA,48623,36961,36961,1530000000
OK,Chamartín,28079-05,Boadilla del Monte,28022,walking,NA,23386,17486,17486,1530000000
OK,Chamartín,28079-05,El Boalo,28023,walking,NA,43691,33036,33036,1530000000
OK,Chamartín,28079-05,Braojos,28024,walking,NA,82172,62250,62250,1530000000
OK,Chamartín,28079-05,Brea de Tajo,28025,walking,NA,66686,49997,49997,1530000000
OK,Chamartín,28079-05,Brunete,28026,walking,NA,33929,25347,25347,1530000000
OK,Chamartín,28079-05,Buitrago del Lozoya,28027,walking,NA,75015,56392,56392,1530000000
OK,Chamartín,28079-05,Bustarviejo,28028,walking,NA,51373,39246,39246,1530000000
OK,Chamartín,28079-05,La Cabrera,28030,walking,NA,56046,42574,42574,1530000000
OK,Chamartín,28079-05,Cadalso de los Vidrios,28031,walking,NA,82222,61153,61153,1530000000
OK,Chamartín,28079-05,Camarma de Esteruelas,28032,walking,NA,39861,29606,29606,1530000000
OK,Chamartín,28079-05,Campo Real,28033,walking,NA,38951,29201,29201,1530000000
OK,Chamartín,28079-05,Carabaña,28035,walking,NA,55334,41311,41311,1530000000
OK,Chamartín,28079-05,Cenicientos,28037,walking,NA,87705,65236,65236,1530000000
OK,Chamartín,28079-05,Cercedilla,28038,walking,NA,56406,43205,43205,1530000000
OK,Chamartín,28079-05,Ciempozuelos,28040,walking,NA,40083,29534,29534,1530000000
OK,Chamartín,28079-05,Cobeña,28041,walking,NA,26666,19951,19951,1530000000
OK,Chamartín,28079-05,Colmenar del Arroyo,28042,walking,NA,55430,41616,41616,1530000000
OK,Chamartín,28079-05,Colmenarejo,28044,walking,NA,36906,28056,28056,1530000000
OK,Chamartín,28079-05,Colmenar Viejo,28045,walking,NA,27362,20703,20703,1530000000
OK,Chamartín,28079-05,Collado Mediano,28046,walking,NA,51611,39106,39106,1530000000
OK,Chamartín,28079-05,Collado Villalba,28047,walking,NA,43537,32977,32977,1530000000
OK,Chamartín,28079-05,Corpa,28048,walking,NA,46471,35145,35145,1530000000
OK,Chamartín,28079-05,Coslada,28049,walking,NA,16350,12143,12143,1530000000
OK,Chamartín,28079-05,Cubas de la Sagra,28050,walking,NA,36762,27517,27517,1530000000
OK,Chamartín,28079-05,Chapinería,28051,walking,NA,55670,41573,41573,1530000000
OK,Chamartín,28079-05,Chinchón,28052,walking,NA,50999,38217,38217,1530000000
OK,Chamartín,28079-05,Daganzo de Arriba,28053,walking,NA,32246,24031,24031,1530000000
OK,Chamartín,28079-05,El Escorial,28054,walking,NA,49305,37304,37304,1530000000
OK,Chamartín,28079-05,Estremera,28055,walking,NA,68659,51140,51140,1530000000
OK,Chamartín,28079-05,Fuenlabrada,28058,walking,NA,24798,18634,18634,1530000000
OK,Chamartín,28079-05,Fuente el Saz de Jarama,28059,walking,NA,29855,22219,22219,1530000000
OK,Chamartín,28079-05,Fuentidueña de Tajo,28060,walking,NA,69004,51528,51528,1530000000
OK,Chamartín,28079-05,Galapagar,28061,walking,NA,38055,28911,28911,1530000000
OK,Chamartín,28079-05,Garganta de los Montes,28062,walking,NA,68051,52403,52403,1530000000
OK,Chamartín,28079-05,Gascones,28064,walking,NA,79096,59577,59577,1530000000
OK,Chamartín,28079-05,Getafe,28065,walking,NA,20764,15580,15580,1530000000
OK,Chamartín,28079-05,Griñón,28066,walking,NA,34718,26062,26062,1530000000
OK,Chamartín,28079-05,Guadalix de la Sierra,28067,walking,NA,45051,33696,33696,1530000000
OK,Chamartín,28079-05,Guadarrama,28068,walking,NA,51404,39079,39079,1530000000
OK,Chamartín,28079-05,Hoyo de Manzanares,28072,walking,NA,32645,25073,25073,1530000000
OK,Chamartín,28079-05,Humanes de Madrid,28073,walking,NA,28264,21345,21345,1530000000
OK,Chamartín,28079-05,Leganés,28074,walking,NA,18404,13898,13898,1530000000
OK,Chamartín,28079-05,Loeches,28075,walking,NA,31913,23937,23937,1530000000
OK,Chamartín,28079-05,Madarcos,28078,walking,NA,83531,62987,62987,1530000000
OK,Chamartín,28079-05,Madrid,28079,walking,NA,5663,4121,4121,1530000000
OK,Chamartín,28079-05,Centro,28079-01,walking,NA,6441,4693,4693,1530000000
OK,Chamartín,28079-05,Arganzuela,28079-02,walking,NA,8202,5951,5951,1530000000
OK,Chamartín,28079-05,Retiro,28079-03,walking,NA,6297,4642,4642,1530000000
OK,Chamartín,28079-05,Salamanca,28079-04,walking,NA,3967,2900,2900,1530000000
OK,Chamartín,28079-05,Chamartín,28079-05,walking,NA,0,0,0,1530000000
OK,Chamartín,28079-05,Tetuán,28079-06,walking,NA,1307,995,995,1530000000
OK,Chamartín,28079-05,Chamberí,28079-07,walking,NA,4793,3499,3499,1530000000
OK,Chamartín,28079-05,Fuencarral-El Pardo,28079-08,walking,NA,13636,10012,10012,1530000000
OK,Chamartín,28079-05,Moncloa-Aravaca,28079-09,walking,NA,9030,6595,6595,1530000000
OK,Chamartín,28079-05,Latina,28079-10,walking,NA,9949,7441,7441,1530000000
OK,Chamartín,28079-05,Carabanchel,28079-11,walking,NA,12184,9139,9139,1530000000
OK,Chamartín,28079-05,Usera,28079-12,walking,NA,10346,7629,7629,1530000000
OK,Chamartín,28079-05,Puente de Vallecas,28079-13,walking,NA,9796,7149,7149,1530000000
OK,Chamartín,28079-05,Moratalaz,28079-14,walking,NA,8081,6027,6027,1530000000
OK,Chamartín,28079-05,Ciudad Lineal,28079-15,walking,NA,4576,3483,3483,1530000000
OK,Chamartín,28079-05,Hortaleza,28079-16,walking,NA,4435,3275,3275,1530000000
OK,Chamartín,28079-05,Villaverde,28079-17,walking,NA,14401,10686,10686,1530000000
OK,Chamartín,28079-05,Villa de Vallecas,28079-18,walking,NA,15561,11616,11616,1530000000
OK,Chamartín,28079-05,Vicálvaro,28079-19,walking,NA,13923,10455,10455,1530000000
OK,Chamartín,28079-05,San Blas - Canillejas,28079-20,walking,NA,7353,5489,5489,1530000000
OK,Chamartín,28079-05,Barajas,28079-21,walking,NA,9909,7375,7375,1530000000
OK,Chamartín,28079-05,Majadahonda,28080,walking,NA,20671,15597,15597,1530000000
OK,Chamartín,28079-05,Manzanares El Real,28082,walking,NA,41141,31109,31109,1530000000
OK,Chamartín,28079-05,Meco,28083,walking,NA,44150,32999,32999,1530000000
OK,Chamartín,28079-05,Mejorada del Campo,28084,walking,NA,23942,17843,17843,1530000000
OK,Chamartín,28079-05,Miraflores de la Sierra,28085,walking,NA,46412,35438,35438,1530000000
OK,Chamartín,28079-05,El Molar,28086,walking,NA,38048,28705,28705,1530000000
OK,Chamartín,28079-05,Los Molinos,28087,walking,NA,54957,41812,41812,1530000000
OK,Chamartín,28079-05,Moraleja de Enmedio,28089,walking,NA,31419,23529,23529,1530000000
OK,Chamartín,28079-05,Moralzarzal,28090,walking,NA,46505,34997,34997,1530000000
OK,Chamartín,28079-05,Morata de Tajuña,28091,walking,NA,40476,30008,30008,1530000000
OK,Chamartín,28079-05,Móstoles,28092,walking,NA,26134,19435,19435,1530000000
OK,Chamartín,28079-05,Navacerrada,28093,walking,NA,51469,39333,39333,1530000000
OK,Chamartín,28079-05,Navalcarnero,28096,walking,NA,40434,29901,29901,1530000000
OK,Chamartín,28079-05,Nuevo Baztán,28100,walking,NA,47558,35942,35942,1530000000
OK,Chamartín,28079-05,Paracuellos de Jarama,28104,walking,NA,29206,21663,21663,1530000000
OK,Chamartín,28079-05,Parla,28106,walking,NA,31291,23395,23395,1530000000
OK,Chamartín,28079-05,Patones,28107,walking,NA,53741,39802,39802,1530000000
OK,Chamartín,28079-05,Perales de Tajuña,28110,walking,NA,45397,33820,33820,1530000000
OK,Chamartín,28079-05,Pezuela de las Torres,28111,walking,NA,54161,40852,40852,1530000000
OK,Chamartín,28079-05,Pinto,28113,walking,NA,27851,20676,20676,1530000000
OK,Chamartín,28079-05,Piñuecar-Gandullas,28114,walking,NA,80006,60121,60121,1530000000
OK,Chamartín,28079-05,Pozuelo de Alarcón,28115,walking,NA,14343,10682,10682,1530000000
OK,Chamartín,28079-05,Pozuelo del Rey,28116,walking,NA,40807,30963,30963,1530000000
OK,Chamartín,28079-05,Quijorna,28119,walking,NA,40014,29639,29639,1530000000
OK,Chamartín,28079-05,Rascafría,28120,walking,NA,71227,55480,55480,1530000000
OK,Chamartín,28079-05,Redueña,28121,walking,NA,49531,37565,37565,1530000000
OK,Chamartín,28079-05,Ribatejada,28122,walking,NA,40142,30198,30198,1530000000
OK,Chamartín,28079-05,Rivas-Vaciamadrid,28123,walking,NA,22915,16958,16958,1530000000
OK,Chamartín,28079-05,Robledillo de la Jara,28124,walking,NA,71102,53741,53741,1530000000
OK,Chamartín,28079-05,Robledo de Chavela,28125,walking,NA,59645,45398,45398,1530000000
OK,Chamartín,28079-05,Las Rozas de Madrid,28127,walking,NA,22414,16846,16846,1530000000
OK,Chamartín,28079-05,Rozas de Puerto Real,28128,walking,NA,87858,65543,65543,1530000000
OK,Chamartín,28079-05,San Agustín del Guadalix,28129,walking,NA,32645,24056,24056,1530000000
OK,Chamartín,28079-05,San Fernando de Henares,28130,walking,NA,21240,15604,15604,1530000000
OK,Chamartín,28079-05,San Lorenzo de El Escorial,28131,walking,NA,50335,38576,38576,1530000000
OK,Chamartín,28079-05,San Martín de la Vega,28132,walking,NA,33362,24303,24303,1530000000
OK,Chamartín,28079-05,San Martín de Valdeiglesias,28133,walking,NA,73667,55496,55496,1530000000
OK,Chamartín,28079-05,San Sebastián de los Reyes,28134,walking,NA,17751,13234,13234,1530000000
OK,Chamartín,28079-05,Serranillos del Valle,28140,walking,NA,37199,27901,27901,1530000000
OK,Chamartín,28079-05,Sevilla la Nueva,28141,walking,NA,40966,30603,30603,1530000000
OK,Chamartín,28079-05,Soto del Real,28144,walking,NA,38448,28925,28925,1530000000
OK,Chamartín,28079-05,Talamanca de Jarama,28145,walking,NA,41133,30406,30406,1530000000
OK,Chamartín,28079-05,Tielmes,28146,walking,NA,48039,35911,35911,1530000000
OK,Chamartín,28079-05,Torrejón de Ardoz,28148,walking,NA,26252,19423,19423,1530000000
OK,Chamartín,28079-05,Torrejón de la Calzada,28149,walking,NA,36009,26852,26852,1530000000
OK,Chamartín,28079-05,Torrelaguna,28151,walking,NA,49255,36560,36560,1530000000
OK,Chamartín,28079-05,Torrelodones,28152,walking,NA,34033,25793,25793,1530000000
OK,Chamartín,28079-05,Torremocha de Jarama,28153,walking,NA,52210,38783,38783,1530000000
OK,Chamartín,28079-05,Torres de la Alameda,28154,walking,NA,36596,27433,27433,1530000000
OK,Chamartín,28079-05,Valdeavero,28156,walking,NA,46603,34843,34843,1530000000
OK,Chamartín,28079-05,Valdelaguna,28157,walking,NA,52143,39056,39056,1530000000
OK,Chamartín,28079-05,Valdemorillo,28160,walking,NA,39647,30250,30250,1530000000
OK,Chamartín,28079-05,Valdemoro,28161,walking,NA,33999,25173,25173,1530000000
OK,Chamartín,28079-05,Valdeolmos-Alalpardo,28162,walking,NA,32844,24637,24637,1530000000
OK,Chamartín,28079-05,Valdepiélagos,28163,walking,NA,45286,33720,33720,1530000000
OK,Chamartín,28079-05,Valdilecha,28165,walking,NA,47007,35246,35246,1530000000
OK,Chamartín,28079-05,Velilla de San Antonio,28167,walking,NA,26525,19696,19696,1530000000
OK,Chamartín,28079-05,Venturada,28169,walking,NA,47801,36048,36048,1530000000
OK,Chamartín,28079-05,Villalbilla,28172,walking,NA,43624,32571,32571,1530000000
OK,Chamartín,28079-05,Villamanta,28174,walking,NA,48160,35297,35297,1530000000
OK,Chamartín,28079-05,Villanueva de la Cañada,28176,walking,NA,35488,26431,26431,1530000000
OK,Chamartín,28079-05,Villanueva del Pardillo,28177,walking,NA,31136,23382,23382,1530000000
OK,Chamartín,28079-05,Villar del Olmo,28179,walking,NA,50425,38012,38012,1530000000
OK,Chamartín,28079-05,Villarejo de Salvanés,28180,walking,NA,56514,42617,42617,1530000000
OK,Chamartín,28079-05,Villaviciosa de Odón,28181,walking,NA,27503,20280,20280,1530000000
OK,Chamartín,28079-05,Zarzalejo,28183,walking,NA,53349,41100,41100,1530000000
OK,Chamartín,28079-05,Lozoyuela-Navas-Sieteiglesias,28901,walking,NA,65590,49485,49485,1530000000
OK,Chamartín,28079-05,Puentes Viejas,28902,walking,NA,68822,51866,51866,1530000000
OK,Chamartín,28079-05,Tres Cantos,28903,walking,NA,18545,13663,13663,1530000000
OK,Chamartín,28079-05,Ajalvir,28002,walking,NA,31668,23630,23630,1530000000
OK,Chamartín,28079-05,El Alamo,28004,walking,NA,43951,32371,32371,1530000000
OK,Chamartín,28079-05,Alcalá de Henares,28005,walking,NA,36771,27238,27238,1530000000
OK,Chamartín,28079-05,Alcobendas,28006,walking,NA,12218,9014,9014,1530000000
OK,Chamartín,28079-05,Alcorcón,28007,walking,NA,21310,16150,16150,1530000000
OK,Chamartín,28079-05,Algete,28009,walking,NA,26147,19679,19679,1530000000
OK,Chamartín,28079-05,Alpedrete,28010,walking,NA,48220,36549,36549,1530000000
OK,Chamartín,28079-05,Anchuelo,28012,walking,NA,46682,34904,34904,1530000000
OK,Chamartín,28079-05,Aranjuez,28013,walking,NA,55833,40631,40631,1530000000
OK,Chamartín,28079-05,Arganda del Rey,28014,walking,NA,33015,24283,24283,1530000000
OK,Chamartín,28079-05,Arroyomolinos,28015,walking,NA,33382,24800,24800,1530000000
OK,Chamartín,28079-05,El Atazar,28016,walking,NA,71514,54872,54872,1530000000
OK,Chamartín,28079-05,Becerril de la Sierra,28018,walking,NA,48623,36961,36961,1530000000
OK,Chamartín,28079-05,Boadilla del Monte,28022,walking,NA,23386,17486,17486,1530000000
OK,Chamartín,28079-05,El Boalo,28023,walking,NA,43691,33036,33036,1530000000
OK,Chamartín,28079-05,Braojos,28024,walking,NA,82172,62250,62250,1530000000
OK,Chamartín,28079-05,Brea de Tajo,28025,walking,NA,66686,49997,49997,1530000000
OK,Chamartín,28079-05,Brunete,28026,walking,NA,33929,25347,25347,1530000000
OK,Chamartín,28079-05,Buitrago del Lozoya,28027,walking,NA,75015,56392,56392,1530000000
OK,Chamartín,28079-05,Bustarviejo,28028,walking,NA,51373,39246,39246,1530000000
OK,Chamartín,28079-05,La Cabrera,28030,walking,NA,56046,42574,42574,1530000000
OK,Chamartín,28079-05,Cadalso de los Vidrios,28031,walking,NA,82222,61153,61153,1530000000
OK,Chamartín,28079-05,Camarma de Esteruelas,28032,walking,NA,39861,29606,29606,1530000000
OK,Chamartín,28079-05,Campo Real,28033,walking,NA,38951,29201,29201,1530000000
OK,Chamartín,28079-05,Carabaña,28035,walking,NA,55334,41311,41311,1530000000
OK,Chamartín,28079-05,Cenicientos,28037,walking,NA,87705,65236,65236,1530000000
OK,Chamartín,28079-05,Cercedilla,28038,walking,NA,56406,43205,43205,1530000000
OK,Chamartín,28079-05,Ciempozuelos,28040,walking,NA,40083,29534,29534,1530000000
OK,Chamartín,28079-05,Cobeña,28041,walking,NA,26666,19951,19951,1530000000
OK,Chamartín,28079-05,Colmenar del Arroyo,28042,walking,NA,55430,41616,41616,1530000000
OK,Chamartín,28079-05,Colmenarejo,28044,walking,NA,36906,28056,28056,1530000000
OK,Chamartín,28079-05,Colmenar Viejo,28045,walking,NA,27362,20703,20703,1530000000
OK,Chamartín,28079-05,Collado Mediano,28046,walking,NA,51611,39106,39106,1530000000
OK,Chamartín,28079-05,Collado Villalba,28047,walking,NA,43537,32977,32977,1530000000
OK,Chamartín,28079-05,Corpa,28048,walking,NA,46471,35145,35145,1530000000
OK,Chamartín,28079-05,Coslada,28049,walking,NA,16350,12143,12143,1530000000
OK,Chamartín,28079-05,Cubas de la Sagra,28050,walking,NA,36762,27517,27517,1530000000
OK,Chamartín,28079-05,Chapinería,28051,walking,NA,55670,41573,41573,1530000000
OK,Chamartín,28079-05,Chinchón,28052,walking,NA,50999,38217,38217,1530000000
OK,Chamartín,28079-05,Daganzo de Arriba,28053,walking,NA,32246,24031,24031,1530000000
OK,Chamartín,28079-05,El Escorial,28054,walking,NA,49305,37304,37304,1530000000
OK,Chamartín,28079-05,Estremera,28055,walking,NA,68659,51140,51140,1530000000
OK,Chamartín,28079-05,Fuenlabrada,28058,walking,NA,24798,18634,18634,1530000000
OK,Chamartín,28079-05,Fuente el Saz de Jarama,28059,walking,NA,29855,22219,22219,1530000000
OK,Chamartín,28079-05,Fuentidueña de Tajo,28060,walking,NA,69004,51528,51528,1530000000
OK,Chamartín,28079-05,Galapagar,28061,walking,NA,38055,28911,28911,1530000000
OK,Chamartín,28079-05,Garganta de los Montes,28062,walking,NA,68051,52403,52403,1530000000
OK,Chamartín,28079-05,Gascones,28064,walking,NA,79096,59577,59577,1530000000
OK,Chamartín,28079-05,Getafe,28065,walking,NA,20764,15580,15580,1530000000
OK,Chamartín,28079-05,Griñón,28066,walking,NA,34718,26062,26062,1530000000
OK,Chamartín,28079-05,Guadalix de la Sierra,28067,walking,NA,45051,33696,33696,1530000000
OK,Chamartín,28079-05,Guadarrama,28068,walking,NA,51404,39079,39079,1530000000
OK,Chamartín,28079-05,Hoyo de Manzanares,28072,walking,NA,32645,25073,25073,1530000000
OK,Chamartín,28079-05,Humanes de Madrid,28073,walking,NA,28264,21345,21345,1530000000
OK,Chamartín,28079-05,Leganés,28074,walking,NA,18404,13898,13898,1530000000
OK,Chamartín,28079-05,Loeches,28075,walking,NA,31913,23937,23937,1530000000
OK,Chamartín,28079-05,Madarcos,28078,walking,NA,83531,62987,62987,1530000000
OK,Chamartín,28079-05,Madrid,28079,walking,NA,5663,4121,4121,1530000000
OK,Chamartín,28079-05,Centro,28079-01,walking,NA,6441,4693,4693,1530000000
OK,Chamartín,28079-05,Arganzuela,28079-02,walking,NA,8202,5951,5951,1530000000
OK,Chamartín,28079-05,Retiro,28079-03,walking,NA,6297,4642,4642,1530000000
OK,Chamartín,28079-05,Salamanca,28079-04,walking,NA,3967,2900,2900,1530000000
OK,Chamartín,28079-05,Chamartín,28079-05,walking,NA,0,0,0,1530000000
OK,Chamartín,28079-05,Tetuán,28079-06,walking,NA,1307,995,995,1530000000
OK,Chamartín,28079-05,Chamberí,28079-07,walking,NA,4793,3499,3499,1530000000
OK,Chamartín,28079-05,Fuencarral-El Pardo,28079-08,walking,NA,13636,10012,10012,1530000000
OK,Chamartín,28079-05,Moncloa-Aravaca,28079-09,walking,NA,9030,6595,6595,1530000000
OK,Chamartín,28079-05,Latina,28079-10,walking,NA,9949,7441,7441,1530000000
OK,Chamartín,28079-05,Carabanchel,28079-11,walking,NA,12184,9139,9139,1530000000
OK,Chamartín,28079-05,Usera,28079-12,walking,NA,10346,7629,7629,1530000000
OK,Chamartín,28079-05,Puente de Vallecas,28079-13,walking,NA,9796,7149,7149,1530000000
OK,Chamartín,28079-05,Moratalaz,28079-14,walking,NA,8081,6027,6027,1530000000
OK,Chamartín,28079-05,Ciudad Lineal,28079-15,walking,NA,4576,3483,3483,1530000000
OK,Chamartín,28079-05,Hortaleza,28079-16,walking,NA,4435,3275,3275,1530000000
OK,Chamartín,28079-05,Villaverde,28079-17,walking,NA,14401,10686,10686,1530000000
OK,Chamartín,28079-05,Villa de Vallecas,28079-18,walking,NA,15561,11616,11616,1530000000
OK,Chamartín,28079-05,Vicálvaro,28079-19,walking,NA,13923,10455,10455,1530000000
OK,Chamartín,28079-05,San Blas - Canillejas,28079-20,walking,NA,7353,5489,5489,1530000000
OK,Chamartín,28079-05,Barajas,28079-21,walking,NA,9909,7375,7375,1530000000
OK,Chamartín,28079-05,Majadahonda,28080,walking,NA,20671,15597,15597,1530000000
OK,Chamartín,28079-05,Manzanares El Real,28082,walking,NA,41141,31109,31109,1530000000
OK,Chamartín,28079-05,Meco,28083,walking,NA,44150,32999,32999,1530000000
OK,Chamartín,28079-05,Mejorada del Campo,28084,walking,NA,23942,17843,17843,1530000000
OK,Chamartín,28079-05,Miraflores de la Sierra,28085,walking,NA,46412,35438,35438,1530000000
OK,Chamartín,28079-05,El Molar,28086,walking,NA,38048,28705,28705,1530000000
OK,Chamartín,28079-05,Los Molinos,28087,walking,NA,54957,41812,41812,1530000000
OK,Chamartín,28079-05,Moraleja de Enmedio,28089,walking,NA,31419,23529,23529,1530000000
OK,Chamartín,28079-05,Moralzarzal,28090,walking,NA,46505,34997,34997,1530000000
OK,Chamartín,28079-05,Morata de Tajuña,28091,walking,NA,40476,30008,30008,1530000000
OK,Chamartín,28079-05,Móstoles,28092,walking,NA,26134,19435,19435,1530000000
OK,Chamartín,28079-05,Navacerrada,28093,walking,NA,51469,39333,39333,1530000000
OK,Chamartín,28079-05,Navalcarnero,28096,walking,NA,40434,29901,29901,1530000000
OK,Chamartín,28079-05,Nuevo Baztán,28100,walking,NA,47558,35942,35942,1530000000
OK,Chamartín,28079-05,Paracuellos de Jarama,28104,walking,NA,29206,21663,21663,1530000000
OK,Chamartín,28079-05,Parla,28106,walking,NA,31291,23395,23395,1530000000
OK,Chamartín,28079-05,Patones,28107,walking,NA,53741,39802,39802,1530000000
OK,Chamartín,28079-05,Perales de Tajuña,28110,walking,NA,45397,33820,33820,1530000000
OK,Chamartín,28079-05,Pezuela de las Torres,28111,walking,NA,54161,40852,40852,1530000000
OK,Chamartín,28079-05,Pinto,28113,walking,NA,27851,20676,20676,1530000000
OK,Chamartín,28079-05,Piñuecar-Gandullas,28114,walking,NA,80006,60121,60121,1530000000
OK,Chamartín,28079-05,Pozuelo de Alarcón,28115,walking,NA,14343,10682,10682,1530000000
OK,Chamartín,28079-05,Pozuelo del Rey,28116,walking,NA,40807,30963,30963,1530000000
OK,Chamartín,28079-05,Quijorna,28119,walking,NA,40014,29639,29639,1530000000
OK,Chamartín,28079-05,Rascafría,28120,walking,NA,71227,55480,55480,1530000000
OK,Chamartín,28079-05,Redueña,28121,walking,NA,49531,37565,37565,1530000000
OK,Chamartín,28079-05,Ribatejada,28122,walking,NA,40142,30198,30198,1530000000
OK,Chamartín,28079-05,Rivas-Vaciamadrid,28123,walking,NA,22915,16958,16958,1530000000
OK,Chamartín,28079-05,Robledillo de la Jara,28124,walking,NA,71102,53741,53741,1530000000
OK,Chamartín,28079-05,Robledo de Chavela,28125,walking,NA,59645,45398,45398,1530000000
OK,Chamartín,28079-05,Las Rozas de Madrid,28127,walking,NA,22414,16846,16846,1530000000
OK,Chamartín,28079-05,Rozas de Puerto Real,28128,walking,NA,87858,65543,65543,1530000000
OK,Chamartín,28079-05,San Agustín del Guadalix,28129,walking,NA,32645,24056,24056,1530000000
OK,Chamartín,28079-05,San Fernando de Henares,28130,walking,NA,21240,15604,15604,1530000000
OK,Chamartín,28079-05,San Lorenzo de El Escorial,28131,walking,NA,50335,38576,38576,1530000000
OK,Chamartín,28079-05,San Martín de la Vega,28132,walking,NA,33362,24303,24303,1530000000
OK,Chamartín,28079-05,San Martín de Valdeiglesias,28133,walking,NA,73667,55496,55496,1530000000
OK,Chamartín,28079-05,San Sebastián de los Reyes,28134,walking,NA,17751,13234,13234,1530000000
OK,Chamartín,28079-05,Serranillos del Valle,28140,walking,NA,37199,27901,27901,1530000000
OK,Chamartín,28079-05,Sevilla la Nueva,28141,walking,NA,40966,30603,30603,1530000000
OK,Chamartín,28079-05,Soto del Real,28144,walking,NA,38448,28925,28925,1530000000
OK,Chamartín,28079-05,Talamanca de Jarama,28145,walking,NA,41133,30406,30406,1530000000
OK,Chamartín,28079-05,Tielmes,28146,walking,NA,48039,35911,35911,1530000000
OK,Chamartín,28079-05,Torrejón de Ardoz,28148,walking,NA,26252,19423,19423,1530000000
OK,Chamartín,28079-05,Torrejón de la Calzada,28149,walking,NA,36009,26852,26852,1530000000
OK,Chamartín,28079-05,Torrelaguna,28151,walking,NA,49255,36560,36560,1530000000
OK,Chamartín,28079-05,Torrelodones,28152,walking,NA,34033,25793,25793,1530000000
OK,Chamartín,28079-05,Torremocha de Jarama,28153,walking,NA,52210,38783,38783,1530000000
OK,Chamartín,28079-05,Torres de la Alameda,28154,walking,NA,36596,27433,27433,1530000000
OK,Chamartín,28079-05,Valdeavero,28156,walking,NA,46603,34843,34843,1530000000
OK,Chamartín,28079-05,Valdelaguna,28157,walking,NA,52143,39056,39056,1530000000
OK,Chamartín,28079-05,Valdemorillo,28160,walking,NA,39647,30250,30250,1530000000
OK,Chamartín,28079-05,Valdemoro,28161,walking,NA,33999,25173,25173,1530000000
OK,Chamartín,28079-05,Valdeolmos-Alalpardo,28162,walking,NA,32844,24637,24637,1530000000
OK,Chamartín,28079-05,Valdepiélagos,28163,walking,NA,45286,33720,33720,1530000000
OK,Chamartín,28079-05,Valdilecha,28165,walking,NA,47007,35246,35246,1530000000
OK,Chamartín,28079-05,Velilla de San Antonio,28167,walking,NA,26525,19696,19696,1530000000
OK,Chamartín,28079-05,Venturada,28169,walking,NA,47801,36048,36048,1530000000
OK,Chamartín,28079-05,Villalbilla,28172,walking,NA,43624,32571,32571,1530000000
OK,Chamartín,28079-05,Villamanta,28174,walking,NA,48160,35297,35297,1530000000
OK,Chamartín,28079-05,Villanueva de la Cañada,28176,walking,NA,35488,26431,26431,1530000000
OK,Chamartín,28079-05,Villanueva del Pardillo,28177,walking,NA,31136,23382,23382,1530000000
OK,Chamartín,28079-05,Villar del Olmo,28179,walking,NA,50425,38012,38012,1530000000
OK,Chamartín,28079-05,Villarejo de Salvanés,28180,walking,NA,56514,42617,42617,1530000000
OK,Chamartín,28079-05,Villaviciosa de Odón,28181,walking,NA,27503,20280,20280,1530000000
OK,Chamartín,28079-05,Zarzalejo,28183,walking,NA,53349,41100,41100,1530000000
OK,Chamartín,28079-05,Lozoyuela-Navas-Sieteiglesias,28901,walking,NA,65590,49485,49485,1530000000
OK,Chamartín,28079-05,Puentes Viejas,28902,walking,NA,68822,51866,51866,1530000000
OK,Chamartín,28079-05,Tres Cantos,28903,walking,NA,18545,13663,13663,1530000000
OK,Chamartín,28079-05,Ajalvir,28002,driving,optimistic,29536,1549,1574,1530000000
OK,Chamartín,28079-05,El Alamo,28004,driving,optimistic,52512,2527,2554,1530000000
OK,Chamartín,28079-05,Alcalá de Henares,28005,driving,optimistic,32546,2123,2155,1530000000
OK,Chamartín,28079-05,Alcobendas,28006,driving,optimistic,10774,790,798,1530000000
OK,Chamartín,28079-05,Alcorcón,28007,driving,optimistic,28573,1755,1763,1530000000
OK,Chamartín,28079-05,Algete,28009,driving,optimistic,25890,1493,1507,1530000000
OK,Chamartín,28079-05,Alpedrete,28010,driving,optimistic,44788,2519,2543,1530000000
OK,Chamartín,28079-05,Anchuelo,28012,driving,optimistic,40892,2273,2305,1530000000
OK,Chamartín,28079-05,Aranjuez,28013,driving,optimistic,55508,2839,2869,1530000000
OK,Chamartín,28079-05,Arganda del Rey,28014,driving,optimistic,32719,1804,1796,1530000000
OK,Chamartín,28079-05,Arroyomolinos,28015,driving,optimistic,43791,2238,2232,1530000000
OK,Chamartín,28079-05,El Atazar,28016,driving,optimistic,78655,3964,3982,1530000000
OK,Chamartín,28079-05,Becerril de la Sierra,28018,driving,optimistic,49209,2492,2554,1530000000
OK,Chamartín,28079-05,Boadilla del Monte,28022,driving,optimistic,38269,1901,1895,1530000000
OK,Chamartín,28079-05,El Boalo,28023,driving,optimistic,47298,2380,2441,1530000000
OK,Chamartín,28079-05,Braojos,28024,driving,optimistic,77369,3172,3194,1530000000
OK,Chamartín,28079-05,Brea de Tajo,28025,driving,optimistic,71802,3442,3528,1530000000
OK,Chamartín,28079-05,Brunete,28026,driving,optimistic,41883,2262,2259,1530000000
OK,Chamartín,28079-05,Buitrago del Lozoya,28027,driving,optimistic,69552,2779,2805,1530000000
OK,Chamartín,28079-05,Bustarviejo,28028,driving,optimistic,54689,3237,3414,1530000000
OK,Chamartín,28079-05,La Cabrera,28030,driving,optimistic,54721,2498,2517,1530000000
OK,Chamartín,28079-05,Cadalso de los Vidrios,28031,driving,optimistic,93561,4457,4505,1530000000
OK,Chamartín,28079-05,Camarma de Esteruelas,28032,driving,optimistic,36011,1943,1959,1530000000
OK,Chamartín,28079-05,Campo Real,28033,driving,optimistic,38311,2075,2096,1530000000
OK,Chamartín,28079-05,Carabaña,28035,driving,optimistic,59940,2922,2992,1530000000
OK,Chamartín,28079-05,Cenicientos,28037,driving,optimistic,98919,4799,4849,1530000000
OK,Chamartín,28079-05,Cercedilla,28038,driving,optimistic,56943,2953,3027,1530000000
OK,Chamartín,28079-05,Ciempozuelos,28040,driving,optimistic,42570,2440,2472,1530000000
OK,Chamartín,28079-05,Cobeña,28041,driving,optimistic,27271,1631,1658,1530000000
OK,Chamartín,28079-05,Colmenar del Arroyo,28042,driving,optimistic,64481,2905,2933,1530000000
OK,Chamartín,28079-05,Colmenarejo,28044,driving,optimistic,36826,2456,2464,1530000000
OK,Chamartín,28079-05,Colmenar Viejo,28045,driving,optimistic,29596,1782,1823,1530000000
OK,Chamartín,28079-05,Collado Mediano,28046,driving,optimistic,47316,2582,2612,1530000000
OK,Chamartín,28079-05,Collado Villalba,28047,driving,optimistic,40670,2201,2219,1530000000
OK,Chamartín,28079-05,Corpa,28048,driving,optimistic,42711,2577,2622,1530000000
OK,Chamartín,28079-05,Coslada,28049,driving,optimistic,17366,1184,1178,1530000000
OK,Chamartín,28079-05,Cubas de la Sagra,28050,driving,optimistic,45868,2596,2587,1530000000
OK,Chamartín,28079-05,Chapinería,28051,driving,optimistic,61207,2851,2866,1530000000
OK,Chamartín,28079-05,Chinchón,28052,driving,optimistic,62236,3096,3196,1530000000
OK,Chamartín,28079-05,Daganzo de Arriba,28053,driving,optimistic,32569,1832,1857,1530000000
OK,Chamartín,28079-05,El Escorial,28054,driving,optimistic,57885,3489,3518,1530000000
OK,Chamartín,28079-05,Estremera,28055,driving,optimistic,78754,3311,3348,1530000000
OK,Chamartín,28079-05,Fuenlabrada,28058,driving,optimistic,35179,1974,2002,1530000000
OK,Chamartín,28079-05,Fuente el Saz de Jarama,28059,driving,optimistic,32101,1668,1696,1530000000
OK,Chamartín,28079-05,Fuentidueña de Tajo,28060,driving,optimistic,68896,2906,2943,1530000000
OK,Chamartín,28079-05,Galapagar,28061,driving,optimistic,35997,2501,2513,1530000000
OK,Chamartín,28079-05,Garganta de los Montes,28062,driving,optimistic,73526,3169,3180,1530000000
OK,Chamartín,28079-05,Gascones,28064,driving,optimistic,76938,3103,3125,1530000000
OK,Chamartín,28079-05,Getafe,28065,driving,optimistic,24444,1784,1772,1530000000
OK,Chamartín,28079-05,Griñón,28066,driving,optimistic,45968,2273,2315,1530000000
OK,Chamartín,28079-05,Guadalix de la Sierra,28067,driving,optimistic,47911,2411,2451,1530000000
OK,Chamartín,28079-05,Guadarrama,28068,driving,optimistic,48453,2697,2723,1530000000
OK,Chamartín,28079-05,Hoyo de Manzanares,28072,driving,optimistic,36203,2267,2288,1530000000
OK,Chamartín,28079-05,Humanes de Madrid,28073,driving,optimistic,35869,2225,2241,1530000000
OK,Chamartín,28079-05,Leganés,28074,driving,optimistic,26865,1767,1768,1530000000
OK,Chamartín,28079-05,Loeches,28075,driving,optimistic,32121,1849,1872,1530000000
OK,Chamartín,28079-05,Madarcos,28078,driving,optimistic,86045,3526,3550,1530000000
OK,Chamartín,28079-05,Madrid,28079,driving,optimistic,8399,1543,1671,1530000000
OK,Chamartín,28079-05,Centro,28079-01,driving,optimistic,8434,1561,1700,1530000000
OK,Chamartín,28079-05,Arganzuela,28079-02,driving,optimistic,14732,1139,1124,1530000000
OK,Chamartín,28079-05,Retiro,28079-03,driving,optimistic,9772,1077,1077,1530000000
OK,Chamartín,28079-05,Salamanca,28079-04,driving,optimistic,5397,1008,1065,1530000000
OK,Chamartín,28079-05,Chamartín,28079-05,driving,optimistic,0,0,20,1530000000
OK,Chamartín,28079-05,Tetuán,28079-06,driving,optimistic,2483,587,582,1530000000
OK,Chamartín,28079-05,Chamberí,28079-07,driving,optimistic,5418,881,900,1530000000
OK,Chamartín,28079-05,Fuencarral-El Pardo,28079-08,driving,optimistic,15318,1398,1409,1530000000
OK,Chamartín,28079-05,Moncloa-Aravaca,28079-09,driving,optimistic,12306,1106,1110,1530000000
OK,Chamartín,28079-05,Latina,28079-10,driving,optimistic,16451,1640,1631,1530000000
OK,Chamartín,28079-05,Carabanchel,28079-11,driving,optimistic,19268,1604,1578,1530000000
OK,Chamartín,28079-05,Usera,28079-12,driving,optimistic,15074,1345,1357,1530000000
OK,Chamartín,28079-05,Puente de Vallecas,28079-13,driving,optimistic,11758,1111,1100,1530000000
OK,Chamartín,28079-05,Moratalaz,28079-14,driving,optimistic,10341,1090,1091,1530000000
OK,Chamartín,28079-05,Ciudad Lineal,28079-15,driving,optimistic,5216,945,957,1530000000
OK,Chamartín,28079-05,Hortaleza,28079-16,driving,optimistic,4720,641,643,1530000000
OK,Chamartín,28079-05,Villaverde,28079-17,driving,optimistic,20372,1516,1524,1530000000
OK,Chamartín,28079-05,Villa de Vallecas,28079-18,driving,optimistic,19671,1147,1167,1530000000
OK,Chamartín,28079-05,Vicálvaro,28079-19,driving,optimistic,18997,1569,1587,1530000000
OK,Chamartín,28079-05,San Blas - Canillejas,28079-20,driving,optimistic,9025,1150,1194,1530000000
OK,Chamartín,28079-05,Barajas,28079-21,driving,optimistic,13079,1021,1019,1530000000
OK,Chamartín,28079-05,Majadahonda,28080,driving,optimistic,20334,1525,1531,1530000000
OK,Chamartín,28079-05,Manzanares El Real,28082,driving,optimistic,43657,2180,2246,1530000000
OK,Chamartín,28079-05,Meco,28083,driving,optimistic,39177,2074,2106,1530000000
OK,Chamartín,28079-05,Mejorada del Campo,28084,driving,optimistic,25315,1669,1680,1530000000
OK,Chamartín,28079-05,Miraflores de la Sierra,28085,driving,optimistic,48816,2496,2642,1530000000
OK,Chamartín,28079-05,El Molar,28086,driving,optimistic,37846,1840,1858,1530000000
OK,Chamartín,28079-05,Los Molinos,28087,driving,optimistic,52975,2920,2968,1530000000
OK,Chamartín,28079-05,Moraleja de Enmedio,28089,driving,optimistic,39637,2052,2102,1530000000
OK,Chamartín,28079-05,Moralzarzal,28090,driving,optimistic,48100,2426,2469,1530000000
OK,Chamartín,28079-05,Morata de Tajuña,28091,driving,optimistic,39621,2156,2159,1530000000
OK,Chamartín,28079-05,Móstoles,28092,driving,optimistic,35674,2100,2100,1530000000
OK,Chamartín,28079-05,Navacerrada,28093,driving,optimistic,52291,2731,2804,1530000000
OK,Chamartín,28079-05,Navalcarnero,28096,driving,optimistic,47204,2321,2328,1530000000
OK,Chamartín,28079-05,Nuevo Baztán,28100,driving,optimistic,52206,2824,2883,1530000000
OK,Chamartín,28079-05,Paracuellos de Jarama,28104,driving,optimistic,22538,1456,1440,1530000000
OK,Chamartín,28079-05,Parla,28106,driving,optimistic,34169,2086,2069,1530000000
OK,Chamartín,28079-05,Patones,28107,driving,optimistic,59488,2729,2779,1530000000
OK,Chamartín,28079-05,Perales de Tajuña,28110,driving,optimistic,45493,2235,2236,1530000000
OK,Chamartín,28079-05,Pezuela de las Torres,28111,driving,optimistic,50266,2999,3057,1530000000
OK,Chamartín,28079-05,Pinto,28113,driving,optimistic,31356,1680,1667,1530000000
OK,Chamartín,28079-05,Piñuecar-Gandullas,28114,driving,optimistic,74701,2995,3015,1530000000
OK,Chamartín,28079-05,Pozuelo de Alarcón,28115,driving,optimistic,16538,1234,1215,1530000000
OK,Chamartín,28079-05,Pozuelo del Rey,28116,driving,optimistic,41756,2323,2382,1530000000
OK,Chamartín,28079-05,Quijorna,28119,driving,optimistic,49776,2422,2414,1530000000
OK,Chamartín,28079-05,Rascafría,28120,driving,optimistic,97019,4681,4803,1530000000
OK,Chamartín,28079-05,Redueña,28121,driving,optimistic,49784,2187,2214,1530000000
OK,Chamartín,28079-05,Ribatejada,28122,driving,optimistic,47752,2633,2698,1530000000
OK,Chamartín,28079-05,Rivas-Vaciamadrid,28123,driving,optimistic,24988,1582,1565,1530000000
OK,Chamartín,28079-05,Robledillo de la Jara,28124,driving,optimistic,75378,3512,3533,1530000000
OK,Chamartín,28079-05,Robledo de Chavela,28125,driving,optimistic,79189,3843,3852,1530000000
OK,Chamartín,28079-05,Las Rozas de Madrid,28127,driving,optimistic,19656,1444,1445,1530000000
OK,Chamartín,28079-05,Rozas de Puerto Real,28128,driving,optimistic,96764,4470,4527,1530000000
OK,Chamartín,28079-05,San Agustín del Guadalix,28129,driving,optimistic,30518,1615,1634,1530000000
OK,Chamartín,28079-05,San Fernando de Henares,28130,driving,optimistic,23549,1297,1303,1530000000
OK,Chamartín,28079-05,San Lorenzo de El Escorial,28131,driving,optimistic,57327,3110,3144,1530000000
OK,Chamartín,28079-05,San Martín de la Vega,28132,driving,optimistic,41508,2255,2269,1530000000
OK,Chamartín,28079-05,San Martín de Valdeiglesias,28133,driving,optimistic,82938,3936,3987,1530000000
OK,Chamartín,28079-05,San Sebastián de los Reyes,28134,driving,optimistic,17829,1271,1278,1530000000
OK,Chamartín,28079-05,Serranillos del Valle,28140,driving,optimistic,46607,2223,2262,1530000000
OK,Chamartín,28079-05,Sevilla la Nueva,28141,driving,optimistic,47531,2400,2406,1530000000
OK,Chamartín,28079-05,Soto del Real,28144,driving,optimistic,38450,1916,1977,1530000000
OK,Chamartín,28079-05,Talamanca de Jarama,28145,driving,optimistic,41286,2197,2246,1530000000
OK,Chamartín,28079-05,Tielmes,28146,driving,optimistic,52465,2452,2501,1530000000
OK,Chamartín,28079-05,Torrejón de Ardoz,28148,driving,optimistic,21716,1543,1537,1530000000
OK,Chamartín,28079-05,Torrejón de la Calzada,28149,driving,optimistic,38802,2120,2110,1530000000
OK,Chamartín,28079-05,Torrelaguna,28151,driving,optimistic,54000,2424,2462,1530000000
OK,Chamartín,28079-05,Torrelodones,28152,driving,optimistic,29846,1829,1833,1530000000
OK,Chamartín,28079-05,Torremocha de Jarama,28153,driving,optimistic,58323,2740,2784,1530000000
OK,Chamartín,28079-05,Torres de la Alameda,28154,driving,optimistic,35666,2011,2061,1530000000
OK,Chamartín,28079-05,Valdeavero,28156,driving,optimistic,52271,3067,3131,1530000000
OK,Chamartín,28079-05,Valdelaguna,28157,driving,optimistic,56375,2594,2657,1530000000
OK,Chamartín,28079-05,Valdemorillo,28160,driving,optimistic,42683,2336,2342,1530000000
OK,Chamartín,28079-05,Valdemoro,28161,driving,optimistic,34478,1769,1761,1530000000
OK,Chamartín,28079-05,Valdeolmos-Alalpardo,28162,driving,optimistic,32890,2029,2078,1530000000
OK,Chamartín,28079-05,Valdepiélagos,28163,driving,optimistic,45260,2444,2506,1530000000
OK,Chamartín,28079-05,Valdilecha,28165,driving,optimistic,50725,2541,2557,1530000000
OK,Chamartín,28079-05,Velilla de San Antonio,28167,driving,optimistic,24723,1477,1478,1530000000
OK,Chamartín,28079-05,Venturada,28169,driving,optimistic,46918,2064,2087,1530000000
OK,Chamartín,28079-05,Villalbilla,28172,driving,optimistic,38068,2180,2214,1530000000
OK,Chamartín,28079-05,Villamanta,28174,driving,optimistic,57328,2758,2781,1530000000
OK,Chamartín,28079-05,Villanueva de la Cañada,28176,driving,optimistic,39389,2179,2179,1530000000
OK,Chamartín,28079-05,Villanueva del Pardillo,28177,driving,optimistic,31662,2316,2318,1530000000
OK,Chamartín,28079-05,Villar del Olmo,28179,driving,optimistic,52458,2737,2780,1530000000
OK,Chamartín,28079-05,Villarejo de Salvanés,28180,driving,optimistic,57510,2655,2696,1530000000
OK,Chamartín,28079-05,Villaviciosa de Odón,28181,driving,optimistic,33501,1854,1839,1530000000
OK,Chamartín,28079-05,Zarzalejo,28183,driving,optimistic,57007,3255,3342,1530000000
OK,Chamartín,28079-05,Lozoyuela-Navas-Sieteiglesias,28901,driving,optimistic,62442,2533,2551,1530000000
OK,Chamartín,28079-05,Puentes Viejas,28902,driving,optimistic,68949,3005,3025,1530000000
OK,Chamartín,28079-05,Tres Cantos,28903,driving,optimistic,17772,1128,1138,1530000000
OK,Chamartín,28079-05,Ajalvir,28002,driving,best_guess,29536,1549,1574,1530000000
OK,Chamartín,28079-05,El Alamo,28004,driving,best_guess,52512,2527,2554,1530000000
OK,Chamartín,28079-05,Alcalá de Henares,28005,driving,best_guess,32546,2123,2155,1530000000
OK,Chamartín,28079-05,Alcobendas,28006,driving,best_guess,10774,790,798,1530000000
OK,Chamartín,28079-05,Alcorcón,28007,driving,best_guess,28573,1755,1763,1530000000
OK,Chamartín,28079-05,Algete,28009,driving,best_guess,25890,1493,1507,1530000000
OK,Chamartín,28079-05,Alpedrete,28010,driving,best_guess,44788,2519,2543,1530000000
OK,Chamartín,28079-05,Anchuelo,28012,driving,best_guess,40892,2273,2305,1530000000
OK,Chamartín,28079-05,Aranjuez,28013,driving,best_guess,55508,2839,2869,1530000000
OK,Chamartín,28079-05,Arganda del Rey,28014,driving,best_guess,32719,1804,1796,1530000000
OK,Chamartín,28079-05,Arroyomolinos,28015,driving,best_guess,43791,2238,2232,1530000000
OK,Chamartín,28079-05,El Atazar,28016,driving,best_guess,78655,3964,3982,1530000000
OK,Chamartín,28079-05,Becerril de la Sierra,28018,driving,best_guess,49209,2492,2554,1530000000
OK,Chamartín,28079-05,Boadilla del Monte,28022,driving,best_guess,38269,1901,1895,1530000000
OK,Chamartín,28079-05,El Boalo,28023,driving,best_guess,47298,2380,2441,1530000000
OK,Chamartín,28079-05,Braojos,28024,driving,best_guess,77369,3172,3194,1530000000
OK,Chamartín,28079-05,Brea de Tajo,28025,driving,best_guess,71802,3442,3528,1530000000
OK,Chamartín,28079-05,Brunete,28026,driving,best_guess,41883,2262,2259,1530000000
OK,Chamartín,28079-05,Buitrago del Lozoya,28027,driving,best_guess,69552,2779,2805,1530000000
OK,Chamartín,28079-05,Bustarviejo,28028,driving,best_guess,54689,3237,3414,1530000000
OK,Chamartín,28079-05,La Cabrera,28030,driving,best_guess,54721,2498,2517,1530000000
OK,Chamartín,28079-05,Cadalso de los Vidrios,28031,driving,best_guess,93561,4457,4505,1530000000
OK,Chamartín,28079-05,Camarma de Esteruelas,28032,driving,best_guess,36011,1943,1959,1530000000
OK,Chamartín,28079-05,Campo Real,28033,driving,best_guess,38311,2075,2096,1530000000
OK,Chamartín,28079-05,Carabaña,28035,driving,best_guess,59940,2922,2992,1530000000
OK,Chamartín,28079-05,Cenicientos,28037,driving,best_guess,98919,4799,4849,1530000000
OK,Chamartín,28079-05,Cercedilla,28038,driving,best_guess,56943,2953,3027,1530000000
OK,Chamartín,28079-05,Ciempozuelos,28040,driving,best_guess,42570,2440,2472,1530000000
OK,Chamartín,28079-05,Cobeña,28041,driving,best_guess,27271,1631,1658,1530000000
OK,Chamartín,28079-05,Colmenar del Arroyo,28042,driving,best_guess,64481,2905,2933,1530000000
OK,Chamartín,28079-05,Colmenarejo,28044,driving,best_guess,36826,2456,2464,1530000000
OK,Chamartín,28079-05,Colmenar Viejo,28045,driving,best_guess,29596,1782,1823,1530000000
OK,Chamartín,28079-05,Collado Mediano,28046,driving,best_guess,47316,2582,2612,1530000000
OK,Chamartín,28079-05,Collado Villalba,28047,driving,best_guess,40670,2201,2219,1530000000
OK,Chamartín,28079-05,Corpa,28048,driving,best_guess,42711,2577,2622,1530000000
OK,Chamartín,28079-05,Coslada,28049,driving,best_guess,17366,1184,1178,1530000000
OK,Chamartín,28079-05,Cubas de la Sagra,28050,driving,best_guess,45868,2596,2587,1530000000
OK,Chamartín,28079-05,Chapinería,28051,driving,best_guess,61207,2851,2866,1530000000
OK,Chamartín,28079-05,Chinchón,28052,driving,best_guess,62236,3096,3196,1530000000
OK,Chamartín,28079-05,Daganzo de Arriba,28053,driving,best_guess,32569,1832,1857,1530000000
OK,Chamartín,28079-05,El Escorial,28054,driving,best_guess,57885,3489,3518,1530000000
OK,Chamartín,28079-05,Estremera,28055,driving,best_guess,78754,3311,3348,1530000000
OK,Chamartín,28079-05,Fuenlabrada,28058,driving,best_guess,35179,1974,2002,1530000000
OK,Chamartín,28079-05,Fuente el Saz de Jarama,28059,driving,best_guess,32101,1668,1696,1530000000
OK,Chamartín,28079-05,Fuentidueña de Tajo,28060,driving,best_guess,68896,2906,2943,1530000000
OK,Chamartín,28079-05,Galapagar,28061,driving,best_guess,35997,2501,2513,1530000000
OK,Chamartín,28079-05,Garganta de los Montes,28062,driving,best_guess,73526,3169,3180,1530000000
OK,Chamartín,28079-05,Gascones,28064,driving,best_guess,76938,3103,3125,1530000000
OK,Chamartín,28079-05,Getafe,28065,driving,best_guess,24444,1784,1772,1530000000
OK,Chamartín,28079-05,Griñón,28066,driving,best_guess,45968,2273,2315,1530000000
OK,Chamartín,28079-05,Guadalix de la Sierra,28067,driving,best_guess,47911,2411,2451,1530000000
OK,Chamartín,28079-05,Guadarrama,28068,driving,best_guess,48453,2697,2723,1530000000
OK,Chamartín,28079-05,Hoyo de Manzanares,28072,driving,best_guess,36203,2267,2288,1530000000
OK,Chamartín,28079-05,Humanes de Madrid,28073,driving,best_guess,35869,2225,2241,1530000000
OK,Chamartín,28079-05,Leganés,28074,driving,best_guess,26865,1767,1768,1530000000
OK,Chamartín,28079-05,Loeches,28075,driving,best_guess,32121,1849,1872,1530000000
OK,Chamartín,28079-05,Madarcos,28078,driving,best_guess,86045,3526,3550,1530000000
OK,Chamartín,28079-05,Madrid,28079,driving,best_guess,8399,1543,1671,1530000000
OK,Chamartín,28079-05,Centro,28079-01,driving,best_guess,8434,1561,1700,1530000000
OK,Chamartín,28079-05,Arganzuela,28079-02,driving,best_guess,14732,1139,1124,1530000000
OK,Chamartín,28079-05,Retiro,28079-03,driving,best_guess,9772,1077,1077,1530000000
OK,Chamartín,28079-05,Salamanca,28079-04,driving,best_guess,5397,1008,1065,1530000000
OK,Chamartín,28079-05,Chamartín,28079-05,driving,best_guess,0,0,20,1530000000
OK,Chamartín,28079-05,Tetuán,28079-06,driving,best_guess,2483,587,582,1530000000
OK,Chamartín,28079-05,Chamberí,28079-07,driving,best_guess,5418,881,900,1530000000
OK,Chamartín,28079-05,Fuencarral-El Pardo,28079-08,driving,best_guess,15318,1398,1409,1530000000
OK,Chamartín,28079-05,Moncloa-Aravaca,28079-09,driving,best_guess,12306,1106,1110,1530000000
OK,Chamartín,28079-05,Latina,28079-10,driving,best_guess,16451,1640,1631,1530000000
OK,Chamartín,28079-05,Carabanchel,28079-11,driving,best_guess,19268,1604,1578,1530000000
OK,Chamartín,28079-05,Usera,28079-12,driving,best_guess,15074,1345,1357,1530000000
OK,Chamartín,28079-05,Puente de Vallecas,28079-13,driving,best_guess,11758,1111,1100,1530000000
OK,Chamartín,28079-05,Moratalaz,28079-14,driving,best_guess,10341,1090,1091,1530000000
OK,Chamartín,28079-05,Ciudad Lineal,28079-15,driving,best_guess,5216,945,957,1530000000
OK,Chamartín,28079-05,Hortaleza,28079-16,driving,best_guess,4720,641,643,1530000000
OK,Chamartín,28079-05,Villaverde,28079-17,driving,best_guess,20372,1516,1524,1530000000
OK,Chamartín,28079-05,Villa de Vallecas,28079-18,driving,best_guess,19671,1147,1167,1530000000
OK,Chamartín,28079-05,Vicálvaro,28079-19,driving,best_guess,18997,1569,1587,1530000000
OK,Chamartín,28079-05,San Blas - Canillejas,28079-20,driving,best_guess,9025,1150,1194,1530000000
OK,Chamartín,28079-05,Barajas,28079-21,driving,best_guess,13079,1021,1019,1530000000
OK,Chamartín,28079-05,Majadahonda,28080,driving,best_guess,20334,1525,1531,1530000000
OK,Chamartín,28079-05,Manzanares El Real,28082,driving,best_guess,43657,2180,2246,1530000000
OK,Chamartín,28079-05,Meco,28083,driving,best_guess,39177,2074,2106,1530000000
OK,Chamartín,28079-05,Mejorada del Campo,28084,driving,best_guess,25315,1669,1680,1530000000
OK,Chamartín,28079-05,Miraflores de la Sierra,28085,driving,best_guess,48816,2496,2642,1530000000
OK,Chamartín,28079-05,El Molar,28086,driving,best_guess,37846,1840,1858,1530000000
OK,Chamartín,28079-05,Los Molinos,28087,driving,best_guess,52975,2920,2968,1530000000
OK,Chamartín,28079-05,Moraleja de Enmedio,28089,driving,best_guess,39637,2052,2102,1530000000
OK,Chamartín,28079-05,Moralzarzal,28090,driving,best_guess,48100,2426,2469,1530000000
OK,Chamartín,28079-05,Morata de Tajuña,28091,driving,best_guess,39621,2156,2159,1530000000
OK,Chamartín,28079-05,Móstoles,28092,driving,best_guess,35674,2100,2100,1530000000
OK,Chamartín,28079-05,Navacerrada,28093,driving,best_guess,52291,2731,2804,1530000000
OK,Chamartín,28079-05,Navalcarnero,28096,driving,best_guess,47204,2321,2328,1530000000
OK,Chamartín,28079-05,Nuevo Baztán,28100,driving,best_guess,52206,2824,2883,1530000000
OK,Chamartín,28079-05,Paracuellos de Jarama,28104,driving,best_guess,22538,1456,1440,1530000000
OK,Chamartín,28079-05,Parla,28106,driving,best_guess,34169,2086,2069,1530000000
OK,Chamartín,28079-05,Patones,28107,driving,best_guess,59488,2729,2779,1530000000
OK,Chamartín,28079-05,Perales de Tajuña,28110,driving,best_guess,45493,2235,2236,1530000000
OK,Chamartín,28079-05,Pezuela de las Torres,28111,driving,best_guess,50266,2999,3057,1530000000
OK,Chamartín,28079-05,Pinto,28113,driving,best_guess,31356,1680,1667,1530000000
OK,Chamartín,28079-05,Piñuecar-Gandullas,28114,driving,best_guess,74701,2995,3015,1530000000
OK,Chamartín,28079-05,Pozuelo de Alarcón,28115,driving,best_guess,16538,1234,1215,1530000000
OK,Chamartín,28079-05,Pozuelo del Rey,28116,driving,best_guess,41756,2323,2382,1530000000
OK,Chamartín,28079-05,Quijorna,28119,driving,best_guess,49776,2422,2414,1530000000
OK,Chamartín,28079-05,Rascafría,28120,driving,best_guess,97019,4681,4803,1530000000
OK,Chamartín,28079-05,Redueña,28121,driving,best_guess,49784,2187,2214,1530000000
OK,Chamartín,28079-05,Ribatejada,28122,driving,best_guess,47752,2633,2698,1530000000
OK,Chamartín,28079-05,Rivas-Vaciamadrid,28123,driving,best_guess,24988,1582,1565,1530000000
OK,Chamartín,28079-05,Robledillo de la Jara,28124,driving,best_guess,75378,3512,3533,1530000000
OK,Chamartín,28079-05,Robledo de Chavela,28125,driving,best_guess,79189,3843,3852,1530000000
OK,Chamartín,28079-05,Las Rozas de Madrid,28127,driving,best_guess,19656,1444,1445,1530000000
OK,Chamartín,28079-05,Rozas de Puerto Real,28128,driving,best_guess,96764,4470,4527,1530000000
OK,Chamartín,28079-05,San Agustín del Guadalix,28129,driving,best_guess,30518,1615,1634,1530000000
OK,Chamartín,28079-05,San Fernando de Henares,28130,driving,best_guess,23549,1297,1303,1530000000
OK,Chamartín,28079-05,San Lorenzo de El Escorial,28131,driving,best_guess,57327,3110,3144,1530000000
OK,Chamartín,28079-05,San Martín de la Vega,28132,driving,best_guess,41508,2255,2269,1530000000
OK,Chamartín,28079-05,San Martín de Valdeiglesias,28133,driving,best_guess,82938,3936,3987,1530000000
OK,Chamartín,28079-05,San Sebastián de los Reyes,28134,driving,best_guess,17829,1271,1278,1530000000
OK,Chamartín,28079-05,Serranillos del Valle,28140,driving,best_guess,46607,2223,2262,1530000000
OK,Chamartín,28079-05,Sevilla la Nueva,28141,driving,best_guess,47531,2400,2406,1530000000
OK,Chamartín,28079-05,Soto del Real,28144,driving,best_guess,38450,1916,1977,1530000000
OK,Chamartín,28079-05,Talamanca de Jarama,28145,driving,best_guess,41286,2197,2246,1530000000
OK,Chamartín,28079-05,Tielmes,28146,driving,best_guess,52465,2452,2501,1530000000
OK,Chamartín,28079-05,Torrejón de Ardoz,28148,driving,best_guess,21716,1543,1537,1530000000
OK,Chamartín,28079-05,Torrejón de la Calzada,28149,driving,best_guess,38802,2120,2110,1530000000
OK,Chamartín,28079-05,Torrelaguna,28151,driving,best_guess,54000,2424,2462,1530000000
OK,Chamartín,28079-05,Torrelodones,28152,driving,best_guess,29846,1829,1833,1530000000
OK,Chamartín,28079-05,Torremocha de Jarama,28153,driving,best_guess,58323,2740,2784,1530000000
OK,Chamartín,28079-05,Torres de la Alameda,28154,driving,best_guess,35666,2011,2061,1530000000
OK,Chamartín,28079-05,Valdeavero,28156,driving,best_guess,52271,3067,3131,1530000000
OK,Chamartín,28079-05,Valdelaguna,28157,driving,best_guess,56375,2594,2657,1530000000
OK,Chamartín,28079-05,Valdemorillo,28160,driving,best_guess,42683,2336,2342,1530000000
OK,Chamartín,28079-05,Valdemoro,28161,driving,best_guess,34478,1769,1761,1530000000
OK,Chamartín,28079-05,Valdeolmos-Alalpardo,28162,driving,best_guess,32890,2029,2078,1530000000
OK,Chamartín,28079-05,Valdepiélagos,28163,driving,best_guess,45260,2444,2506,1530000000
OK,Chamartín,28079-05,Valdilecha,28165,driving,best_guess,50725,2541,2557,1530000000
OK,Chamartín,28079-05,Velilla de San Antonio,28167,driving,best_guess,24723,1477,1478,1530000000
OK,Chamartín,28079-05,Venturada,28169,driving,best_guess,46918,2064,2087,1530000000
OK,Chamartín,28079-05,Villalbilla,28172,driving,best_guess,38068,2180,2214,1530000000
OK,Chamartín,28079-05,Villamanta,28174,driving,best_guess,57328,2758,2781,1530000000
OK,Chamartín,28079-05,Villanueva de la Cañada,28176,driving,best_guess,39389,2179,2179,1530000000
OK,Chamartín,28079-05,Villanueva del Pardillo,28177,driving,best_guess,31662,2316,2318,1530000000
OK,Chamartín,28079-05,Villar del Olmo,28179,driving,best_guess,52458,2737,2780,1530000000
OK,Chamartín,28079-05,Villarejo de Salvanés,28180,driving,best_guess,57510,2655,2696,1530000000
OK,Chamartín,28079-05,Villaviciosa de Odón,28181,driving,best_guess,33501,1854,1839,1530000000
OK,Chamartín,28079-05,Zarzalejo,28183,driving,best_guess,57007,3255,3342,1530000000
OK,Chamartín,28079-05,Lozoyuela-Navas-Sieteiglesias,28901,driving,best_guess,62442,2533,2551,1530000000
OK,Chamartín,28079-05,Puentes Viejas,28902,driving,best_guess,68949,3005,3025,1530000000
OK,Chamartín,28079-05,Tres Cantos,28903,driving,best_guess,17772,1128,1138,1530000000
OK,Chamartín,28079-05,Ajalvir,28002,driving,pessimistic,29536,1549,1574,1530000000
OK,Chamartín,28079-05,El Alamo,28004,driving,pessimistic,52512,2527,2554,1530000000
OK,Chamartín,28079-05,Alcalá de Henares,28005,driving,pessimistic,32546,2123,2155,1530000000
OK,Chamartín,28079-05,Alcobendas,28006,driving,pessimistic,10774,790,798,1530000000
OK,Chamartín,28079-05,Alcorcón,28007,driving,pessimistic,28573,1755,1763,1530000000
OK,Chamartín,28079-05,Algete,28009,driving,pessimistic,25890,1493,1507,1530000000
OK,Chamartín,28079-05,Alpedrete,28010,driving,pessimistic,44788,2519,2543,1530000000
OK,Chamartín,28079-05,Anchuelo,28012,driving,pessimistic,40892,2273,2305,1530000000
OK,Chamartín,28079-05,Aranjuez,28013,driving,pessimistic,55508,2839,2869,1530000000
OK,Chamartín,28079-05,Arganda del Rey,28014,driving,pessimistic,32719,1804,1796,1530000000
OK,Chamartín,28079-05,Arroyomolinos,28015,driving,pessimistic,43791,2238,2232,1530000000
OK,Chamartín,28079-05,El Atazar,28016,driving,pessimistic,78655,3964,3982,1530000000
OK,Chamartín,28079-05,Becerril de la Sierra,28018,driving,pessimistic,49209,2492,2554,1530000000
OK,Chamartín,28079-05,Boadilla del Monte,28022,driving,pessimistic,38269,1901,1895,1530000000
OK,Chamartín,28079-05,El Boalo,28023,driving,pessimistic,47298,2380,2441,1530000000
OK,Chamartín,28079-05,Braojos,28024,driving,pessimistic,77369,3172,3194,1530000000
OK,Chamartín,28079-05,Brea de Tajo,28025,driving,pessimistic,71802,3442,3528,1530000000
OK,Chamartín,28079-05,Brunete,28026,driving,pessimistic,41883,2262,2259,1530000000
OK,Chamartín,28079-05,Buitrago del Lozoya,28027,driving,pessimistic,69552,2779,2805,1530000000
OK,Chamartín,28079-05,Bustarviejo,28028,driving,pessimistic,54689,3237,3414,1530000000
OK,Chamartín,28079-05,La Cabrera,28030,driving,pessimistic,54721,2498,2517,1530000000
OK,Chamartín,28079-05,Cadalso de los Vidrios,28031,driving,pessimistic,93561,4457,4505,1530000000
OK,Chamartín,28079-05,Camarma de Esteruelas,28032,driving,pessimistic,36011,1943,1959,1530000000
OK,Chamartín,28079-05,Campo Real,28033,driving,pessimistic,38311,2075,2096,1530000000
OK,Chamartín,28079-05,Carabaña,28035,driving,pessimistic,59940,2922,2992,1530000000
OK,Chamartín,28079-05,Cenicientos,28037,driving,pessimistic,98919,4799,4849,1530000000
OK,Chamartín,28079-05,Cercedilla,28038,driving,pessimistic,56943,2953,3027,1530000000
OK,Chamartín,28079-05,Ciempozuelos,28040,driving,pessimistic,42570,2440,2472,1530000000
OK,Chamartín,28079-05,Cobeña,28041,driving,pessimistic,27271,1631,1658,1530000000
OK,Chamartín,28079-05,Colmenar del Arroyo,28042,driving,pessimistic,64481,2905,2933,1530000000
OK,Chamartín,28079-05,Colmenarejo,28044,driving,pessimistic,36826,2456,2464,1530000000
OK,Chamartín,28079-05,Colmenar Viejo,28045,driving,pessimistic,29596,1782,1823,1530000000
OK,Chamartín,28079-05,Collado Mediano,28046,driving,pessimistic,47316,2582,2612,1530000000
OK,Chamartín,28079-05,Collado Villalba,28047,driving,pessimistic,40670,2201,2219,1530000000
OK,Chamartín,28079-05,Corpa,28048,driving,pessimistic,42711,2577,2622,1530000000
OK,Chamartín,28079-05,Coslada,28049,driving,pessimistic,17366,1184,1178,1530000000
OK,Chamartín,28079-05,Cubas de la Sagra,28050,driving,pessimistic,45868,2596,2587,1530000000
OK,Chamartín,28079-05,Chapinería,28051,driving,pessimistic,61207,2851,2866,1530000000
OK,Chamartín,28079-05,Chinchón,28052,driving,pessimistic,62236,3096,3196,1530000000
OK,Chamartín,28079-05,Daganzo de Arriba,28053,driving,pessimistic,32569,1832,1857,1530000000
OK,Chamartín,28079-05,El Escorial,28054,driving,pessimistic,57885,3489,3518,1530000000
OK,Chamartín,28079-05,Estremera,28055,driving,pessimistic,78754,3311,3348,1530000000
OK,Chamartín,28079-05,Fuenlabrada,28058,driving,pessimistic,35179,1974,2002,1530000000
OK,Chamartín,28079-05,Fuente el Saz de Jarama,28059,driving,pessimistic,32101,1668,1696,1530000000
OK,Chamartín,28079-05,Fuentidueña de Tajo,28060,driving,pessimistic,68896,2906,2943,1530000000
OK,Chamartín,28079-05,Galapagar,28061,driving,pessimistic,35997,2501,2513,1530000000
OK,Chamartín,28079-05,Garganta de los Montes,28062,driving,pessimistic,73526,3169,3180,1530000000
OK,Chamartín,28079-05,Gascones,28064,driving,pessimistic,76938,3103,3125,1530000000
OK,Chamartín,28079-05,Getafe,28065,driving,pessimistic,24444,1784,1772,1530000000
OK,Chamartín,28079-05,Griñón,28066,driving,pessimistic,45968,2273,2315,1530000000
OK,Chamartín,28079-05,Guadalix de la Sierra,28067,driving,pessimistic,47911,2411,2451,1530000000
OK,Chamartín,28079-05,Guadarrama,28068,driving,pessimistic,48453,2697,2723,1530000000
OK,Chamartín,28079-05,Hoyo de Manzanares,28072,driving,pessimistic,36203,2267,2288,1530000000
OK,Chamartín,28079-05,Humanes de Madrid,28073,driving,pessimistic,35869,2225,2241,1530000000
OK,Chamartín,28079-05,Leganés,28074,driving,pessimistic,26865,1767,1768,1530000000
OK,Chamartín,28079-05,Loeches,28075,driving,pessimistic,32121,1849,1872,1530000000
OK,Chamartín,28079-05,Madarcos,28078,driving,pessimistic,86045,3526,3550,1530000000
OK,Chamartín,28079-05,Madrid,28079,driving,pessimistic,8399,1543,1671,1530000000
OK,Chamartín,28079-05,Centro,28079-01,driving,pessimistic,8434,1561,1700,1530000000
OK,Chamartín,28079-05,Arganzuela,28079-02,driving,pessimistic,14732,1139,1124,1530000000
OK,Chamartín,28079-05,Retiro,28079-03,driving,pessimistic,9772,1077,1077,1530000000
OK,Chamartín,28079-05,Salamanca,28079-04,driving,pessimistic,5397,1008,1065,1530000000
OK,Chamartín,28079-05,Chamartín,28079-05,driving,pessimistic,0,0,20,1530000000
OK,Chamartín,28079-05,Tetuán,28079-06,driving,pessimistic,2483,587,582,1530000000
OK,Chamartín,28079-05,Chamberí,28079-07,driving,pessimistic,5418,881,900,1530000000
OK,Chamartín,28079-05,Fuencarral-El Pardo,28079-08,driving,pessimistic,15318,1398,1409,1530000000
OK,Chamartín,28079-05,Moncloa-Aravaca,28079-09,driving,pessimistic,12306,1106,1110,1530000000
OK,Chamartín,28079-05,Latina,28079-10,driving,pessimistic,16451,1640,1631,1530000000
OK,Chamartín,28079-05,Carabanchel,28079-11,driving,pessimistic,19268,1604,1578,1530000000
OK,Chamartín,28079-05,Usera,28079-12,driving,pessimistic,15074,1345,1357,1530000000
OK,Chamartín,28079-05,Puente de Vallecas,28079-13,driving,pessimistic,11758,1111,1100,1530000000
OK,Chamartín,28079-05,Moratalaz,28079-14,driving,pessimistic,10341,1090,1091,1530000000
OK,Chamartín,28079-05,Ciudad Lineal,28079-15,driving,pessimistic,5216,945,957,1530000000
OK,Chamartín,28079-05,Hortaleza,28079-16,driving,pessimistic,4720,641,643,1530000000
OK,Chamartín,28079-05,Villaverde,28079-17,driving,pessimistic,20372,1516,1524,1530000000
OK,Chamartín,28079-05,Villa de Vallecas,28079-18,driving,pessimistic,19671,1147,1167,1530000000
OK,Chamartín,28079-05,Vicálvaro,28079-19,driving,pessimistic,18997,1569,1587,1530000000
OK,Chamartín,28079-05,San Blas - Canillejas,28079-20,driving,pessimistic,9025,1150,1194,1530000000
OK,Chamartín,28079-05,Barajas,28079-21,driving,pessimistic,13079,1021,1019,1530000000
OK,Chamartín,28079-05,Majadahonda,28080,driving,pessimistic,20334,1525,1531,1530000000
OK,Chamartín,28079-05,Manzanares El Real,28082,driving,pessimistic,43657,2180,2246,1530000000
OK,Chamartín,28079-05,Meco,28083,driving,pessimistic,39177,2074,2106,1530000000
OK,Chamartín,28079-05,Mejorada del Campo,28084,driving,pessimistic,25315,1669,1680,1530000000
OK,Chamartín,28079-05,Miraflores de la Sierra,28085,driving,pessimistic,48816,2496,2642,1530000000
OK,Chamartín,28079-05,El Molar,28086,driving,pessimistic,37846,1840,1858,1530000000
OK,Chamartín,28079-05,Los Molinos,28087,driving,pessimistic,52975,2920,2968,1530000000
OK,Chamartín,28079-05,Moraleja de Enmedio,28089,driving,pessimistic,39637,2052,2102,1530000000
OK,Chamartín,28079-05,Moralzarzal,28090,driving,pessimistic,48100,2426,2469,1530000000
OK,Chamartín,28079-05,Morata de Tajuña,28091,driving,pessimistic,39621,2156,2159,1530000000
OK,Chamartín,28079-05,Móstoles,28092,driving,pessimistic,35674,2100,2100,1530000000
OK,Chamartín,28079-05,Navacerrada,28093,driving,pessimistic,52291,2731,2804,1530000000
OK,Chamartín,28079-05,Navalcarnero,28096,driving,pessimistic,47204,2321,2328,1530000000
OK,Chamartín,28079-05,Nuevo Baztán,28100,driving,pessimistic,52206,2824,2883,1530000000
OK,Chamartín,28079-05,Paracuellos de Jarama,28104,driving,pessimistic,22538,1456,1440,1530000000
OK,Chamartín,28079-05,Parla,28106,driving,pessimistic,34169,2086,2069,1530000000
OK,Chamartín,28079-05,Patones,28107,driving,pessimistic,59488,2729,2779,1530000000
OK,Chamartín,28079-05,Perales de Tajuña,28110,driving,pessimistic,45493,2235,2236,1530000000
OK,Chamartín,28079-05,Pezuela de las Torres,28111,driving,pessimistic,50266,2999,3057,1530000000
OK,Chamartín,28079-05,Pinto,28113,driving,pessimistic,31356,1680,1667,1530000000
OK,Chamartín,28079-05,Piñuecar-Gandullas,28114,driving,pessimistic,74701,2995,3015,1530000000
OK,Chamartín,28079-05,Pozuelo de Alarcón,28115,driving,pessimistic,16538,1234,1215,1530000000
OK,Chamartín,28079-05,Pozuelo del Rey,28116,driving,pessimistic,41756,2323,2382,1530000000
OK,Chamartín,28079-05,Quijorna,28119,driving,pessimistic,49776,2422,2414,1530000000
OK,Chamartín,28079-05,Rascafría,28120,driving,pessimistic,97019,4681,4803,1530000000
OK,Chamartín,28079-05,Redueña,28121,driving,pessimistic,49784,2187,2214,1530000000
OK,Chamartín,28079-05,Ribatejada,28122,driving,pessimistic,47752,2633,2698,1530000000
OK,Chamartín,28079-05,Rivas-Vaciamadrid,28123,driving,pessimistic,24988,1582,1565,1530000000
OK,Chamartín,28079-05,Robledillo de la Jara,28124,driving,pessimistic,75378,3512,3533,1530000000
OK,Chamartín,28079-05,Robledo de Chavela,28125,driving,pessimistic,79189,3843,3852,1530000000
OK,Chamartín,28079-05,Las Rozas de Madrid,28127,driving,pessimistic,19656,1444,1445,1530000000
OK,Chamartín,28079-05,Rozas de Puerto Real,28128,driving,pessimistic,96764,4470,4527,1530000000
OK,Chamartín,28079-05,San Agustín del Guadalix,28129,driving,pessimistic,30518,1615,1634,1530000000
OK,Chamartín,28079-05,San Fernando de Henares,28130,driving,pessimistic,23549,1297,1303,1530000000
OK,Chamartín,28079-05,San Lorenzo de El Escorial,28131,driving,pessimistic,57327,3110,3144,1530000000
OK,Chamartín,28079-05,San Martín de la Vega,28132,driving,pessimistic,41508,2255,2269,1530000000
OK,Chamartín,28079-05,San Martín de Valdeiglesias,28133,driving,pessimistic,82938,3936,3987,1530000000
OK,Chamartín,28079-05,San Sebastián de los Reyes,28134,driving,pessimistic,17829,1271,1278,1530000000
OK,Chamartín,28079-05,Serranillos del Valle,28140,driving,pessimistic,46607,2223,2262,1530000000
OK,Chamartín,28079-05,Sevilla la Nueva,28141,driving,pessimistic,47531,2400,2406,1530000000
OK,Chamartín,28079-05,Soto del Real,28144,driving,pessimistic,38450,1916,1977,1530000000
OK,Chamartín,28079-05,Talamanca de Jarama,28145,driving,pessimistic,41286,2197,2246,1530000000
OK,Chamartín,28079-05,Tielmes,28146,driving,pessimistic,52465,2452,2501,1530000000
OK,Chamartín,28079-05,Torrejón de Ardoz,28148,driving,pessimistic,21716,1543,1537,1530000000
OK,Chamartín,28079-05,Torrejón de la Calzada,28149,driving,pessimistic,38802,2120,2110,1530000000
OK,Chamartín,28079-05,Torrelaguna,28151,driving,pessimistic,54000,2424,2462,1530000000
OK,Chamartín,28079-05,Torrelodones,28152,driving,pessimistic,29846,1829,1833,1530000000
OK,Chamartín,28079-05,Torremocha de Jarama,28153,driving,pessimistic,58323,2740,2784,1530000000
OK,Chamartín,28079-05,Torres de la Alameda,28154,driving,pessimistic,35666,2011,2061,1530000000
OK,Chamartín,28079-05,Valdeavero,28156,driving,pessimistic,52271,3067,3131,1530000000
OK,Chamartín,28079-05,Valdelaguna,28157,driving,pessimistic,56375,2594,2657,1530000000
OK,Chamartín,28079-05,Valdemorillo,28160,driving,pessimistic,42683,2336,2342,1530000000
OK,Chamartín,28079-05,Valdemoro,28161,driving,pessimistic,34478,1769,1761,1530000000
OK,Chamartín,28079-05,Valdeolmos-Alalpardo,28162,driving,pessimistic,32890,2029,2078,1530000000
OK,Chamartín,28079-05,Valdepiélagos,28163,driving,pessimistic,45260,2444,2506,1530000000
OK,Chamartín,28079-05,Valdilecha,28165,driving,pessimistic,50725,2541,2557,1530000000
OK,Chamartín,28079-05,Velilla de San Antonio,28167,driving,pessimistic,24723,1477,1478,1530000000
OK,Chamartín,28079-05,Venturada,28169,driving,pessimistic,46918,2064,2087,1530000000
OK,Chamartín,28079-05,Villalbilla,28172,driving,pessimistic,38068,2180,2214,1530000000
OK,Chamartín,28079-05,Villamanta,28174,driving,pessimistic,57328,2758,2781,1530000000
OK,Chamartín,28079-05,Villanueva de la Cañada,28176,driving,pessimistic,39389,2179,2179,1530000000
OK,Chamartín,28079-05,Villanueva del Pardillo,28177,driving,pessimistic,31662,2316,2318,1530000000
OK,Chamartín,28079-05,Villar del Olmo,28179,driving,pessimistic,52458,2737,2780,1530000000
OK,Chamartín,28079-05,Villarejo de Salvanés,28180,driving,pessimistic,57510,2655,2696,1530000000
OK,Chamartín,28079-05,Villaviciosa de Odón,28181,driving,pessimistic,33501,1854,1839,1530000000
OK,Chamartín,28079-05,Zarzalejo,28183,driving,pessimistic,57007,3255,3342,1530000000
OK,Chamartín,28079-05,Lozoyuela-Navas-Sieteiglesias,28901,driving,pessimistic,62442,2533,2551,1530000000
OK,Chamartín,28079-05,Puentes Viejas,28902,driving,pessimistic,68949,3005,3025,1530000000
OK,Chamartín,28079-05,Tres Cantos,28903,driving,pessimistic,17772,1128,1138,1530000000
