code,inside,outside,workers_count,inside_per,outside_per,places,statistical_zone,name,province,loc_string
19024,0,1567,1567,0,1,88,12,Alovera,Guadalajara,Alovera+Guadalajara+spain
19046,0,4558,4558,0,1,103,12,Azuqueca de Henares,Guadalajara,Azuqueca+de+Henares+Guadalajara+spain
19058,0,830,830,0,1,69,12,Cabanillas del Campo,Guadalajara,Cabanillas+del+Campo+Guadalajara+spain
19071,0,1770,1770,0,1,82,12,El casar,Guadalajara,El+casar+Guadalajara+spain
19105,0,357,357,0,1,58,12,Chiloeches,Guadalajara,Chiloeches+Guadalajara+spain
19117,0,130,130,0,1,39,12,Fontanar,Guadalajara,Fontanar+Guadalajara+spain
19126,0,350,350,0,1,58,12,Galápagos,Guadalajara,Galápagos+Guadalajara+spain
19130,0,6183,6183,0,1,119,12,Guadalajara,Guadalajara,Guadalajara+Guadalajara+spain
19160,0,162,162,0,1,45,12,Loranca de Tajuña,Guadalajara,Loranca+de+Tajuña+Guadalajara+spain
19171,0,364,364,0,1,59,12,Marchamalo,Guadalajara,Marchamalo+Guadalajara+spain
19220,0,438,438,0,1,66,12,Pioz,Guadalajara,Pioz+Guadalajara+spain
19225,0,156,156,0,1,47,12,Pozo de Guadalajara,Guadalajara,Pozo+de+Guadalajara+Guadalajara+spain
19230,0,81,81,0,1,27,12,Quer,Guadalajara,Quer+Guadalajara+spain
19280,0,738,738,0,1,73,12,Torrejón del Rey,Guadalajara,Torrejón+del+Rey+Guadalajara+spain
19286,0,51,51,0,1,24,12,Tórtola de Henares,Guadalajara,Tórtola+de+Henares+Guadalajara+spain
19297,0,2,2,0,1,2,12,Valdarachas,Guadalajara,Valdarachas+Guadalajara+spain
19300,0,114,114,0,1,39,12,Valdeaveruelo,Guadalajara,Valdeaveruelo+Guadalajara+spain
19319,0,991,991,0,1,75,12,Villanueva de la Torre,Guadalajara,Villanueva+de+la+Torre+Guadalajara+spain
19326,0,235,235,0,1,55,12,Yebes,Guadalajara,Yebes+Guadalajara+spain
19331,0,198,198,0,1,53,12,Yunquera de Henares,Guadalajara,Yunquera+de+Henares+Guadalajara+spain
28001,5,10,15,0.3333333333333333,0.6666666666666666,10,06,La Acebeda,Madrid,La+Acebeda+Madrid+spain
28002,417,1269,1686,0.24733096085409254,0.7526690391459074,72,03,Ajalvir,Madrid,Ajalvir+Madrid+spain
28003,10,62,72,0.1388888888888889,0.8611111111111112,34,06,Alameda del Valle,Madrid,Alameda+del+Valle+Madrid+spain
28004,453,1987,2440,0.18565573770491803,0.8143442622950819,81,09,El Alamo,Madrid,El+Alamo+Madrid+spain
28005,25793,38083,63876,0.40379798359321184,0.5962020164067882,151,03,Alcalá de Henares,Madrid,Alcalá+de+Henares+Madrid+spain
28006,13949,28063,42012,0.3320241835666,0.6679758164334,148,02,Alcobendas,Madrid,Alcobendas+Madrid+spain
28007,12621,45924,58545,0.21557776069689982,0.7844222393031002,147,04,Alcorcón,Madrid,Alcorcón+Madrid+spain
28008,124,534,658,0.1884498480243161,0.8115501519756839,74,09,Aldea del Fresno,Madrid,Aldea+del+Fresno+Madrid+spain
28009,1260,5960,7220,0.1745152354570637,0.8254847645429363,102,02,Algete,Madrid,Algete+Madrid+spain
28010,578,4281,4859,0.11895451739040955,0.8810454826095905,94,11,Alpedrete,Madrid,Alpedrete+Madrid+spain
28011,22,129,151,0.1456953642384106,0.8543046357615894,44,08,Ambite,Madrid,Ambite+Madrid+spain
28012,31,334,365,0.08493150684931507,0.915068493150685,62,08,Anchuelo,Madrid,Anchuelo+Madrid+spain
28013,7323,8274,15597,0.469513367955376,0.530486632044624,111,04,Aranjuez,Madrid,Aranjuez+Madrid+spain
28014,7385,11103,18488,0.39944829078321076,0.6005517092167892,120,03,Arganda del Rey,Madrid,Arganda+del+Rey+Madrid+spain
28015,1160,9155,10315,0.11245758603974794,0.887542413960252,111,09,Arroyomolinos,Madrid,Arroyomolinos+Madrid+spain
28016,8,26,34,0.23529411764705882,0.7647058823529411,15,06,El Atazar,Madrid,El+Atazar+Madrid+spain
28017,27,428,455,0.05934065934065934,0.9406593406593406,59,09,Batres,Madrid,Batres+Madrid+spain
28018,282,1319,1601,0.17613991255465333,0.8238600874453467,81,11,Becerril de la Sierra,Madrid,Becerril+de+la+Sierra+Madrid+spain
28019,75,448,523,0.14340344168260039,0.8565965583173997,67,08,Belmonte de Tajo,Madrid,Belmonte+de+Tajo+Madrid+spain
28020,19,32,51,0.37254901960784315,0.6274509803921569,24,06,Berzosa del Lozoya,Madrid,Berzosa+del+Lozoya+Madrid+spain
28021,41,139,180,0.22777777777777777,0.7722222222222223,55,06,El Berrueco,Madrid,El+Berrueco+Madrid+spain
28022,2588,13435,16023,0.16151781813642888,0.8384821818635712,118,05,Boadilla del Monte,Madrid,Boadilla+del+Monte+Madrid+spain
28023,312,2093,2405,0.12972972972972974,0.8702702702702703,92,11,El Boalo,Madrid,El+Boalo+Madrid+spain
28024,9,58,67,0.13432835820895522,0.8656716417910447,28,06,Braojos,Madrid,Braojos+Madrid+spain
28025,39,106,145,0.2689655172413793,0.7310344827586207,35,08,Brea de Tajo,Madrid,Brea+de+Tajo+Madrid+spain
28026,517,3000,3517,0.14700028433323856,0.8529997156667615,95,05,Brunete,Madrid,Brunete+Madrid+spain
28027,205,342,547,0.37477148080438755,0.6252285191956124,69,06,Buitrago del Lozoya,Madrid,Buitrago+del+Lozoya+Madrid+spain
28028,147,605,752,0.19547872340425532,0.8045212765957447,77,06,Bustarviejo,Madrid,Bustarviejo+Madrid+spain
28029,40,195,235,0.1702127659574468,0.8297872340425532,52,06,Cabanillas de la Sierra,Madrid,Cabanillas+de+la+Sierra+Madrid+spain
28030,215,564,779,0.27599486521181,0.72400513478819,77,06,La Cabrera,Madrid,La+Cabrera+Madrid+spain
28031,223,426,649,0.3436055469953775,0.6563944530046225,62,10,Cadalso de los Vidrios,Madrid,Cadalso+de+los+Vidrios+Madrid+spain
28032,297,1877,2174,0.13661453541858326,0.8633854645814167,74,07,Camarma de Esteruelas,Madrid,Camarma+de+Esteruelas+Madrid+spain
28033,367,1560,1927,0.19045147898287493,0.809548521017125,85,08,Campo Real,Madrid,Campo+Real+Madrid+spain
28034,27,93,120,0.225,0.775,41,06,Canencia,Madrid,Canencia+Madrid+spain
28035,61,486,547,0.11151736745886655,0.8884826325411335,69,08,Carabaña,Madrid,Carabaña+Madrid+spain
28036,143,1022,1165,0.12274678111587983,0.8772532188841202,69,09,Casarrubuelos,Madrid,Casarrubuelos+Madrid+spain
28037,113,305,418,0.2703349282296651,0.7296650717703349,56,10,Cenicientos,Madrid,Cenicientos+Madrid+spain
28038,642,1553,2195,0.29248291571753987,0.7075170842824602,85,11,Cercedilla,Madrid,Cercedilla+Madrid+spain
28039,7,35,42,0.16666666666666666,0.8333333333333334,25,06,Cervera de Buitrago,Madrid,Cervera+de+Buitrago+Madrid+spain
28040,1936,5684,7620,0.25406824146981627,0.7459317585301837,102,04,Ciempozuelos,Madrid,Ciempozuelos+Madrid+spain
28041,339,2293,2632,0.12879939209726443,0.8712006079027356,83,02,Cobeña,Madrid,Cobeña+Madrid+spain
28042,71,424,495,0.14343434343434344,0.8565656565656565,76,10,Colmenar del Arroyo,Madrid,Colmenar+del+Arroyo+Madrid+spain
28043,437,1624,2061,0.21203299369238235,0.7879670063076176,93,08,Colmenar de Oreja,Madrid,Colmenar+de+Oreja+Madrid+spain
28044,317,2639,2956,0.10723951285520975,0.8927604871447903,87,11,Colmenarejo,Madrid,Colmenarejo+Madrid+spain
28045,5057,12313,17370,0.29113413932066784,0.7088658606793322,130,02,Colmenar Viejo,Madrid,Colmenar+Viejo+Madrid+spain
28046,302,1747,2049,0.1473889702293802,0.8526110297706199,87,11,Collado Mediano,Madrid,Collado+Mediano+Madrid+spain
28047,5117,17353,22470,0.2277258566978193,0.7722741433021807,126,05,Collado Villalba,Madrid,Collado+Villalba+Madrid+spain
28048,12,210,222,0.05405405405405406,0.9459459459459459,50,08,Corpa,Madrid,Corpa+Madrid+spain
28049,6048,26956,33004,0.1832505150890801,0.8167494849109199,143,03,Coslada,Madrid,Coslada+Madrid+spain
28050,140,1640,1780,0.07865168539325842,0.9213483146067416,76,09,Cubas de la Sagra,Madrid,Cubas+de+la+Sagra+Madrid+spain
28051,93,490,583,0.1595197255574614,0.8404802744425386,74,10,Chapinería,Madrid,Chapinería+Madrid+spain
28052,495,921,1416,0.3495762711864407,0.6504237288135594,71,08,Chinchón,Madrid,Chinchón+Madrid+spain
28053,524,3150,3674,0.14262384322264562,0.8573761567773543,88,07,Daganzo de Arriba,Madrid,Daganzo+de+Arriba+Madrid+spain
28054,936,4061,4997,0.18731238743245948,0.8126876125675405,106,11,El Escorial,Madrid,El+Escorial+Madrid+spain
28055,104,242,346,0.30057803468208094,0.6994219653179191,55,08,Estremera,Madrid,Estremera+Madrid+spain
28056,49,347,396,0.12373737373737374,0.8762626262626263,65,10,Fresnedillas de la Oliva,Madrid,Fresnedillas+de+la+Oliva+Madrid+spain
28057,81,612,693,0.11688311688311688,0.8831168831168831,67,07,Fresno de Torote,Madrid,Fresno+de+Torote+Madrid+spain
28058,13848,58978,72826,0.19015186883805235,0.8098481311619476,153,04,Fuenlabrada,Madrid,Fuenlabrada+Madrid+spain
28059,370,1787,2157,0.1715345387111729,0.828465461288827,84,07,Fuente el Saz de Jarama,Madrid,Fuente+el+Saz+de+Jarama+Madrid+spain
28060,90,433,523,0.17208413001912046,0.8279158699808795,66,08,Fuentidueña de Tajo,Madrid,Fuentidueña+de+Tajo+Madrid+spain
28061,1440,9532,10972,0.13124316441851988,0.8687568355814801,108,05,Galapagar,Madrid,Galapagar+Madrid+spain
28062,13,89,102,0.12745098039215685,0.8725490196078431,39,06,Garganta de los Montes,Madrid,Garganta+de+los+Montes+Madrid+spain
28063,19,67,86,0.22093023255813954,0.7790697674418605,36,06,Gargantilla del Lozoya y Pinilla de B.,Madrid,Gargantilla+del+Lozoya+y+Pinilla+de+B.+Madrid+spain
28064,6,53,59,0.1016949152542373,0.8983050847457628,34,06,Gascones,Madrid,Gascones+Madrid+spain
28065,17366,44522,61888,0.28060367114788004,0.7193963288521199,142,04,Getafe,Madrid,Getafe+Madrid+spain
28066,527,2333,2860,0.18426573426573425,0.8157342657342658,85,09,Griñón,Madrid,Griñón+Madrid+spain
28067,296,1530,1826,0.16210295728368018,0.8378970427163198,96,06,Guadalix de la Sierra,Madrid,Guadalix+de+la+Sierra+Madrid+spain
28068,1157,3996,5153,0.22452940034931107,0.7754705996506889,101,11,Guadarrama,Madrid,Guadarrama+Madrid+spain
28069,4,15,19,0.21052631578947367,0.7894736842105263,15,06,La Hiruela,Madrid,La+Hiruela+Madrid+spain
28070,5,38,43,0.11627906976744186,0.8837209302325582,28,06,Horcajo de la Sierra,Madrid,Horcajo+de+la+Sierra+Madrid+spain
28071,5,18,23,0.21739130434782608,0.782608695652174,11,06,Horcajuelo de la Sierra,Madrid,Horcajuelo+de+la+Sierra+Madrid+spain
28072,434,2022,2456,0.1767100977198697,0.8232899022801303,82,05,Hoyo de Manzanares,Madrid,Hoyo+de+Manzanares+Madrid+spain
28073,1018,5857,6875,0.14807272727272727,0.8519272727272728,102,04,Humanes de Madrid,Madrid,Humanes+de+Madrid+Madrid+spain
28074,13874,49846,63720,0.2177338355304457,0.7822661644695543,148,04,Leganés,Madrid,Leganés+Madrid+spain
28075,507,2518,3025,0.16760330578512397,0.832396694214876,85,08,Loeches,Madrid,Loeches+Madrid+spain
28076,44,124,168,0.2619047619047619,0.7380952380952381,46,06,Lozoya,Madrid,Lozoya+Madrid+spain
28078,3,10,13,0.23076923076923078,0.7692307692307693,10,06,Madarcos,Madrid,Madarcos+Madrid+spain
28079,146,4898,5044,0.02894528152260111,0.9710547184773989,96,01,Madrid,Madrid,Madrid+Madrid+spain
28079-01,10964,40597,51561,0.2126413374449681,0.787358662555032,140,01,Centro,Madrid,Centro+Madrid+spain
28079-02,4745,53426,58171,0.08156985439480154,0.9184301456051984,140,01,Arganzuela,Madrid,Arganzuela+Madrid+spain
28079-03,4393,35315,39708,0.1106326181122192,0.8893673818877808,140,01,Retiro,Madrid,Retiro+Madrid+spain
28079-04,10593,38066,48659,0.21769867855895106,0.7823013214410489,136,01,Salamanca,Madrid,Salamanca+Madrid+spain
28079-05,9295,38748,48043,0.19347251420602377,0.8065274857939763,148,01,Chamartín,Madrid,Chamartín+Madrid+Comunidad+de+Madrid+spain
28079-06,7948,50270,58218,0.1365213507849806,0.8634786492150194,160,01,Tetuán,Madrid,Tetuán+Madrid+spain
28079-07,8611,40289,48900,0.17609406952965234,0.8239059304703477,142,01,Chamberí,Madrid,Chamberí+Madrid+spain
28079-08,12413,70882,83295,0.14902455129359504,0.850975448706405,163,01,Fuencarral-El Pardo,Madrid,Fuencarral-El+Pardo+Madrid+spain
28079-09,5412,32381,37793,0.1432011219008811,0.8567988780991189,140,01,Moncloa-Aravaca,Madrid,Moncloa-Aravaca+Madrid+spain
28079-10,5434,74469,79903,0.06800745904409096,0.931992540955909,159,01,Latina,Madrid,Latina+Madrid+spain
28079-11,6263,78920,85183,0.0735240599650165,0.9264759400349835,161,01,Carabanchel,Madrid,Carabanchel+Madrid+spain
28079-12,3018,42128,45146,0.06684977628139813,0.9331502237186019,142,01,Usera,Madrid,Usera+Madrid+spain
28079-13,5659,73335,78994,0.07163835227991999,0.92836164772008,155,01,Puente de Vallecas,Madrid,Puente+de+Vallecas+Madrid+spain
28079-14,1810,29961,31771,0.056970192943250134,0.9430298070567499,143,01,Moratalaz,Madrid,Moratalaz+Madrid+spain
28079-15,7657,67797,75454,0.10147904683648315,0.8985209531635169,155,01,Ciudad Lineal,Madrid,Ciudad+Lineal+Madrid+spain
28079-16,7606,55378,62984,0.12076082814683094,0.879239171853169,154,01,Hortaleza,Madrid,Hortaleza+Madrid+spain
28079-17,3853,45207,49060,0.07853648593558908,0.921463514064411,140,01,Villaverde,Madrid,Villaverde+Madrid+spain
28079-18,2882,37554,40436,0.07127312295973885,0.9287268770402611,151,01,Villa de Vallecas,Madrid,Villa+de+Vallecas+Madrid+spain
28079-19,989,25755,26744,0.036980257253963505,0.9630197427460365,130,01,Vicálvaro,Madrid,Vicálvaro+Madrid+spain
28079-20,6977,49312,56289,0.12394961715432855,0.8760503828456715,135,01,San Blas - Canillejas,Madrid,San+Blas+-+Canillejas+Madrid+spain
28079-21,2849,14354,17203,0.1656106493053537,0.8343893506946463,111,01,Barajas,Madrid,Barajas+Madrid+spain
28080,5236,18393,23629,0.22159211138854798,0.778407888611452,114,05,Majadahonda,Madrid,Majadahonda+Madrid+spain
28082,388,2343,2731,0.1420725009154156,0.8579274990845844,98,11,Manzanares El Real,Madrid,Manzanares+El+Real+Madrid+spain
28083,762,3676,4438,0.17169896349707076,0.8283010365029293,92,07,Meco,Madrid,Meco+Madrid+spain
28084,1471,6788,8259,0.17810872987044438,0.8218912701295557,102,03,Mejorada del Campo,Madrid,Mejorada+del+Campo+Madrid+spain
28085,378,1359,1737,0.21761658031088082,0.7823834196891192,90,11,Miraflores de la Sierra,Madrid,Miraflores+de+la+Sierra+Madrid+spain
28086,431,2414,2845,0.151493848857645,0.8485061511423551,97,07,El Molar,Madrid,El+Molar+Madrid+spain
28087,229,1114,1343,0.17051377513030527,0.8294862248696947,74,11,Los Molinos,Madrid,Los+Molinos+Madrid+spain
28088,40,36,76,0.5263157894736842,0.47368421052631576,26,06,Montejo de la Sierra,Madrid,Montejo+de+la+Sierra+Madrid+spain
28089,255,1325,1580,0.16139240506329114,0.8386075949367089,74,09,Moraleja de Enmedio,Madrid,Moraleja+de+Enmedio+Madrid+spain
28090,703,3546,4249,0.16545069428100728,0.8345493057189927,92,11,Moralzarzal,Madrid,Moralzarzal+Madrid+spain
28091,500,1695,2195,0.22779043280182232,0.7722095671981777,82,08,Morata de Tajuña,Madrid,Morata+de+Tajuña+Madrid+spain
28092,13572,59120,72692,0.1867055521928135,0.8132944478071865,151,04,Móstoles,Madrid,Móstoles+Madrid+spain
28093,238,703,941,0.25292242295430395,0.7470775770456961,77,11,Navacerrada,Madrid,Navacerrada+Madrid+spain
28094,53,367,420,0.1261904761904762,0.8738095238095238,62,06,Navalafuente,Madrid,Navalafuente+Madrid+spain
28095,86,649,735,0.11700680272108843,0.8829931972789116,75,10,Navalagamella,Madrid,Navalagamella+Madrid+spain
28096,1868,6948,8816,0.2118874773139746,0.7881125226860254,117,09,Navalcarnero,Madrid,Navalcarnero+Madrid+spain
28097,3,30,33,0.09090909090909091,0.9090909090909091,21,06,Navarredonda y San Mamés,Madrid,Navarredonda+y+San+Mamés+Madrid+spain
28099,167,517,684,0.24415204678362573,0.7558479532163743,78,10,Navas del Rey,Madrid,Navas+del+Rey+Madrid+spain
28100,208,1482,1690,0.12307692307692308,0.8769230769230769,84,08,Nuevo Baztán,Madrid,Nuevo+Baztán+Madrid+spain
28101,20,77,97,0.20618556701030927,0.7938144329896907,34,08,Olmeda de las Fuentes,Madrid,Olmeda+de+las+Fuentes+Madrid+spain
28102,66,260,326,0.20245398773006135,0.7975460122699386,61,08,Orusco de Tajuña,Madrid,Orusco+de+Tajuña+Madrid+spain
28104,1035,7811,8846,0.11700203481799683,0.8829979651820031,102,03,Paracuellos de Jarama,Madrid,Paracuellos+de+Jarama+Madrid+spain
28106,6034,36937,42971,0.14042028344697588,0.8595797165530241,137,04,Parla,Madrid,Parla+Madrid+spain
28107,31,126,157,0.19745222929936307,0.802547770700637,44,06,Patones,Madrid,Patones+Madrid+spain
28108,231,1693,1924,0.12006237006237007,0.8799376299376299,87,06,Pedrezuela,Madrid,Pedrezuela+Madrid+spain
28109,148,442,590,0.25084745762711863,0.7491525423728813,69,10,Pelayos de la Presa,Madrid,Pelayos+de+la+Presa+Madrid+spain
28110,114,636,750,0.152,0.848,70,08,Perales de Tajuña,Madrid,Perales+de+Tajuña+Madrid+spain
28111,37,196,233,0.15879828326180256,0.8412017167381974,47,08,Pezuela de las Torres,Madrid,Pezuela+de+las+Torres+Madrid+spain
28112,8,41,49,0.16326530612244897,0.8367346938775511,25,06,Pinilla del Valle,Madrid,Pinilla+del+Valle+Madrid+spain
28113,4241,13782,18023,0.23531043666426232,0.7646895633357377,114,04,Pinto,Madrid,Pinto+Madrid+spain
28114,2,41,43,0.046511627906976744,0.9534883720930233,27,06,Piñuecar-Gandullas,Madrid,Piñuecar-Gandullas+Madrid+spain
28115,6278,20337,26615,0.23588202141649445,0.7641179785835055,118,05,Pozuelo de Alarcón,Madrid,Pozuelo+de+Alarcón+Madrid+spain
28116,16,363,379,0.04221635883905013,0.9577836411609498,60,08,Pozuelo del Rey,Madrid,Pozuelo+del+Rey+Madrid+spain
28117,6,33,39,0.15384615384615385,0.8461538461538461,18,06,Prádena del Rincón,Madrid,Prádena+del+Rincón+Madrid+spain
28118,3,19,22,0.13636363636363635,0.8636363636363636,15,06,Puebla de la Sierra,Madrid,Puebla+de+la+Sierra+Madrid+spain
28119,98,962,1060,0.09245283018867924,0.9075471698113208,77,09,Quijorna,Madrid,Quijorna+Madrid+spain
28120,190,260,450,0.4222222222222222,0.5777777777777777,62,06,Rascafría,Madrid,Rascafría+Madrid+spain
28121,10,80,90,0.1111111111111111,0.8888888888888888,37,06,Redueña,Madrid,Redueña+Madrid+spain
28122,23,165,188,0.12234042553191489,0.8776595744680851,41,07,Ribatejada,Madrid,Ribatejada+Madrid+spain
28123,5658,25557,31215,0.18125901009130227,0.8187409899086977,130,03,Rivas-Vaciamadrid,Madrid,Rivas-Vaciamadrid+Madrid+spain
28124,2,27,29,0.06896551724137931,0.9310344827586207,19,06,Robledillo de la Jara,Madrid,Robledillo+de+la+Jara+Madrid+spain
28125,264,803,1067,0.24742268041237114,0.7525773195876289,80,10,Robledo de Chavela,Madrid,Robledo+de+Chavela+Madrid+spain
28126,2,16,18,0.1111111111111111,0.8888888888888888,14,06,Robregordo,Madrid,Robregordo+Madrid+spain
28127,7819,25298,33117,0.23610230395265272,0.7638976960473473,128,05,Las Rozas de Madrid,Madrid,Las+Rozas+de+Madrid+Madrid+spain
28128,39,90,129,0.3023255813953488,0.6976744186046512,40,10,Rozas de Puerto Real,Madrid,Rozas+de+Puerto+Real+Madrid+spain
28129,860,3639,4499,0.19115358968659701,0.808846410313403,100,02,San Agustín del Guadalix,Madrid,San+Agustín+del+Guadalix+Madrid+spain
28130,1808,14363,16171,0.11180508317358234,0.8881949168264177,120,03,San Fernando de Henares,Madrid,San+Fernando+de+Henares+Madrid+spain
28131,1535,4036,5571,0.2755340154370849,0.7244659845629151,102,11,San Lorenzo de El Escorial,Madrid,San+Lorenzo+de+El+Escorial+Madrid+spain
28132,1137,5039,6176,0.18409974093264247,0.8159002590673575,98,04,San Martín de la Vega,Madrid,San+Martín+de+la+Vega+Madrid+spain
28133,796,1206,2002,0.39760239760239763,0.6023976023976024,83,10,San Martín de Valdeiglesias,Madrid,San+Martín+de+Valdeiglesias+Madrid+spain
28134,7702,26224,33926,0.22702352178270352,0.7729764782172964,144,02,San Sebastián de los Reyes,Madrid,San+Sebastián+de+los+Reyes+Madrid+spain
28135,54,223,277,0.19494584837545126,0.8050541516245487,59,10,Santa María de la Alameda,Madrid,Santa+María+de+la+Alameda+Madrid+spain
28136,22,201,223,0.09865470852017937,0.9013452914798207,50,08,Santorcaz,Madrid,Santorcaz+Madrid+spain
28137,77,664,741,0.1039136302294197,0.8960863697705803,65,08,Los Santos de la Humosa,Madrid,Los+Santos+de+la+Humosa+Madrid+spain
28138,2,28,30,0.06666666666666667,0.9333333333333333,21,06,La Serna del Monte,Madrid,La+Serna+del+Monte+Madrid+spain
28140,100,1133,1233,0.08110300081103,0.9188969991889699,71,09,Serranillos del Valle,Madrid,Serranillos+del+Valle+Madrid+spain
28141,380,2586,2966,0.12811867835468643,0.8718813216453135,93,09,Sevilla la Nueva,Madrid,Sevilla+la+Nueva+Madrid+spain
28143,4,24,28,0.14285714285714285,0.8571428571428571,19,06,Somosierra,Madrid,Somosierra+Madrid+spain
28144,582,2085,2667,0.21822272215973004,0.78177727784027,91,11,Soto del Real,Madrid,Soto+del+Real+Madrid+spain
28145,196,1025,1221,0.16052416052416052,0.8394758394758395,80,07,Talamanca de Jarama,Madrid,Talamanca+de+Jarama+Madrid+spain
28146,202,633,835,0.24191616766467067,0.7580838323353294,69,08,Tielmes,Madrid,Tielmes+Madrid+spain
28147,45,322,367,0.1226158038147139,0.8773841961852861,51,08,Titulcia,Madrid,Titulcia+Madrid+spain
28148,11800,34857,46657,0.2529095312600467,0.7470904687399533,141,03,Torrejón de Ardoz,Madrid,Torrejón+de+Ardoz+Madrid+spain
28149,424,2247,2671,0.15874204417821042,0.8412579558217896,74,09,Torrejón de la Calzada,Madrid,Torrejón+de+la+Calzada+Madrid+spain
28150,132,1148,1280,0.103125,0.896875,71,09,Torrejón de Velasco,Madrid,Torrejón+de+Velasco+Madrid+spain
28151,291,1245,1536,0.189453125,0.810546875,96,06,Torrelaguna,Madrid,Torrelaguna+Madrid+spain
28152,1045,6064,7109,0.14699676466450978,0.8530032353354903,92,05,Torrelodones,Madrid,Torrelodones+Madrid+spain
28153,67,201,268,0.25,0.75,59,06,Torremocha de Jarama,Madrid,Torremocha+de+Jarama+Madrid+spain
28154,525,1855,2380,0.22058823529411764,0.7794117647058824,84,08,Torres de la Alameda,Madrid,Torres+de+la+Alameda+Madrid+spain
28155,22,131,153,0.1437908496732026,0.8562091503267973,36,08,Valdaracete,Madrid,Valdaracete+Madrid+spain
28156,40,406,446,0.08968609865470852,0.9103139013452914,57,07,Valdeavero,Madrid,Valdeavero+Madrid+spain
28157,26,180,206,0.1262135922330097,0.8737864077669902,53,08,Valdelaguna,Madrid,Valdelaguna+Madrid+spain
28158,42,192,234,0.1794871794871795,0.8205128205128205,54,06,Valdemanco,Madrid,Valdemanco+Madrid+spain
28159,33,138,171,0.19298245614035087,0.8070175438596491,41,10,Valdemaqueda,Madrid,Valdemaqueda+Madrid+spain
28160,676,3133,3809,0.17747440273037543,0.8225255972696246,99,11,Valdemorillo,Madrid,Valdemorillo+Madrid+spain
28161,5976,19434,25410,0.23518299881936244,0.7648170011806376,125,04,Valdemoro,Madrid,Valdemoro+Madrid+spain
28162,156,1104,1260,0.12380952380952381,0.8761904761904762,79,07,Valdeolmos-Alalpardo,Madrid,Valdeolmos-Alalpardo+Madrid+spain
28163,20,148,168,0.11904761904761904,0.8809523809523809,45,07,Valdepiélagos,Madrid,Valdepiélagos+Madrid+spain
28164,171,1133,1304,0.13113496932515337,0.8688650306748467,77,07,Valdetorres de Jarama,Madrid,Valdetorres+de+Jarama+Madrid+spain
28165,181,655,836,0.21650717703349281,0.7834928229665071,69,08,Valdilecha,Madrid,Valdilecha+Madrid+spain
28166,5,126,131,0.03816793893129771,0.9618320610687023,38,08,Valverde de Alcalá,Madrid,Valverde+de+Alcalá+Madrid+spain
28167,684,3856,4540,0.15066079295154186,0.8493392070484581,92,03,Velilla de San Antonio,Madrid,Velilla+de+San+Antonio+Madrid+spain
28168,43,536,579,0.07426597582037997,0.92573402417962,69,06,El Vellón,Madrid,El+Vellón+Madrid+spain
28169,71,433,504,0.14087301587301587,0.8591269841269841,62,06,Venturada,Madrid,Venturada+Madrid+spain
28170,251,581,832,0.3016826923076923,0.6983173076923077,66,08,Villaconejos,Madrid,Villaconejos+Madrid+spain
28171,492,1343,1835,0.2681198910081744,0.7318801089918257,87,09,Villa del Prado,Madrid,Villa+del+Prado+Madrid+spain
28172,421,3676,4097,0.10275811569441054,0.8972418843055895,93,08,Villalbilla,Madrid,Villalbilla+Madrid+spain
28173,26,148,174,0.14942528735632185,0.8505747126436781,47,08,Villamanrique de Tajo,Madrid,Villamanrique+de+Tajo+Madrid+spain
28174,132,487,619,0.21324717285945072,0.7867528271405493,64,09,Villamanta,Madrid,Villamanta+Madrid+spain
28175,68,341,409,0.16625916870415647,0.8337408312958435,65,09,Villamantilla,Madrid,Villamantilla+Madrid+spain
28176,1200,4690,5890,0.2037351443123939,0.7962648556876061,103,05,Villanueva de la Cañada,Madrid,Villanueva+de+la+Cañada+Madrid+spain
28177,850,5381,6231,0.1364147006900979,0.8635852993099021,99,11,Villanueva del Pardillo,Madrid,Villanueva+del+Pardillo+Madrid+spain
28178,51,418,469,0.10874200426439233,0.8912579957356077,63,09,Villanueva de Perales,Madrid,Villanueva+de+Perales+Madrid+spain
28179,43,539,582,0.07388316151202749,0.9261168384879725,76,08,Villar del Olmo,Madrid,Villar+del+Olmo+Madrid+spain
28180,797,1377,2174,0.36660533578656856,0.6333946642134315,85,08,Villarejo de Salvanés,Madrid,Villarejo+de+Salvanés+Madrid+spain
28181,1372,6520,7892,0.17384693360364928,0.8261530663963508,101,05,Villaviciosa de Odón,Madrid,Villaviciosa+de+Odón+Madrid+spain
28182,7,64,71,0.09859154929577464,0.9014084507042254,32,06,Villavieja del Lozoya,Madrid,Villavieja+del+Lozoya+Madrid+spain
28183,75,295,370,0.20270270270270271,0.7972972972972973,62,10,Zarzalejo,Madrid,Zarzalejo+Madrid+spain
28901,72,243,315,0.22857142857142856,0.7714285714285715,72,06,Lozoyuela-Navas-Sieteiglesias,Madrid,Lozoyuela-Navas-Sieteiglesias+Madrid+spain
28902,17,179,196,0.08673469387755102,0.9132653061224489,53,06,Puentes Viejas,Madrid,Puentes+Viejas+Madrid+spain
28903,5043,12249,17292,0.2916377515614157,0.7083622484385843,120,02,Tres Cantos,Madrid,Tres+Cantos+Madrid+spain
45019,0,414,414,0,1,63,13,Bargas,Toledo,Bargas+Toledo+spain
45021,0,240,240,0,1,57,13,Borox,Toledo,Borox+Toledo+spain
45025,0,131,131,0,1,44,13,Cabañas de la Sagra,Toledo,Cabañas+de+la+Sagra+Toledo+spain
45031,0,311,311,0,1,58,13,Camarena,Toledo,Camarena+Toledo+spain
45038,0,571,571,0,1,63,13,Carranque,Toledo,Carranque+Toledo+spain
45041,0,574,574,0,1,69,13,Casarrubios del Monte,Toledo,Casarrubios+del+Monte+Toledo+spain
45047,0,371,371,0,1,64,13,Cedillo del Condado,Toledo,Cedillo+del+Condado+Toledo+spain
45050,0,71,71,0,1,30,13,Ciruelos,Toledo,Ciruelos+Toledo+spain
45056,0,331,331,0,1,58,13,Chozas de Canales,Toledo,Chozas+de+Canales+Toledo+spain
45064,0,522,522,0,1,70,13,Esquivias,Toledo,Esquivias+Toledo+spain
45066,0,470,470,0,1,68,13,Fuensalida,Toledo,Fuensalida+Toledo+spain
45081,0,2838,2838,0,1,100,13,Illescas,Toledo,Illescas+Toledo+spain
45085,0,134,134,0,1,50,13,Lominchar,Toledo,Lominchar+Toledo+spain
45088,0,201,201,0,1,53,13,Magán,Toledo,Magán+Toledo+spain
45099,0,503,503,0,1,65,13,Méntrida,Toledo,Méntrida+Toledo+spain
45102,0,119,119,0,1,47,13,Mocejón,Toledo,Mocejón+Toledo+spain
45119,0,663,663,0,1,72,13,Numancia de la Sagra,Toledo,Numancia+de+la+Sagra+Toledo+spain
45121,0,798,798,0,1,76,13,Ocaña,Toledo,Ocaña+Toledo+spain
45122,0,353,353,0,1,66,13,Olías del Rey,Toledo,Olías+del+Rey+Toledo+spain
45123,0,593,593,0,1,63,13,Ontígola,Toledo,Ontígola+Toledo+spain
45127,0,96,96,0,1,40,13,Palomeque,Toledo,Palomeque+Toledo+spain
45128,0,283,283,0,1,64,13,Pantoja,Toledo,Pantoja+Toledo+spain
45134,0,79,79,0,1,35,13,Portillo de Toledo,Toledo,Portillo+de+Toledo+Toledo+spain
45157,0,234,234,0,1,57,13,Santa Cruz del Retamar,Toledo,Santa+Cruz+del+Retamar+Toledo+spain
45161,0,3003,3003,0,1,105,13,Seseña,Toledo,Seseña+Toledo+spain
45168,0,3054,3054,0,1,102,13,Toledo,Toledo,Toledo+Toledo+spain
45171,0,132,132,0,1,40,13,Torre de Esteban Hambrán,Toledo,Torre+de+Esteban+Hambrán+Toledo+spain
45176,0,816,816,0,1,74,13,Ugena,Toledo,Ugena+Toledo+spain
45180,0,417,417,0,1,68,13,Valmojado,Toledo,Valmojado+Toledo+spain
45183,0,360,360,0,1,58,13,Las Ventas de Retamosa,Toledo,Las+Ventas+de+Retamosa+Toledo+spain
45188,0,276,276,0,1,55,13,Villaluenga de la Sagra,Toledo,Villaluenga+de+la+Sagra+Toledo+spain
45199,0,483,483,0,1,70,13,El Viso de San Juan,Toledo,El+Viso+de+San+Juan+Toledo+spain
45201,0,577,577,0,1,70,13,Yeles,Toledo,Yeles+Toledo+spain
45203,0,283,283,0,1,62,13,Yuncler,Toledo,Yuncler+Toledo+spain
45205,0,1130,1130,0,1,83,13,Yuncos,Toledo,Yuncos+Toledo+spain
